,location,total_cases,total_deaths,total_cases_per_million,total_deaths_per_million,reproduction_rate,stringency_index,median_age,aged_65_older,aged_70_older,extreme_poverty,cardiovasc_death_rate,diabetes_prevalence,female_smokers,male_smokers,hospital_beds_per_thousand,life_expectancy,human_development_index,Score A,Sco Exa,Score 2020,Progression RANK,imfGDP,unGDP,gdpPerCapita,pop2020,area,Density,GrowthRate,current_health_expenditure_average,countries,region,hf_score,hf_quartile,pf_rol_procedural,pf_rol_civil,pf_rol_criminal,pf_rol,pf_ss_homicide,pf_ss_disappearances_disap,pf_ss_disappearances_violent,pf_ss_disappearances_organized,pf_ss_disappearances_fatalities,pf_ss_disappearances_injuries,pf_ss_disappearances,pf_ss_women_fgm,pf_ss_women_inheritance,pf_ss_women,pf_ss,pf_movement_domestic,pf_movement_foreign,pf_movement_women,pf_movement,pf_religion_estop,pf_religion_harassment,pf_religion_restrictions,pf_religion,pf_association_association,pf_association_assembly,pf_association_political,pf_association_prof,pf_association_sport,pf_association,pf_expression_killed,pf_expression_jailed,pf_expression_influence,pf_expression_control,pf_expression_cable,pf_expression_newspapers,pf_expression_internet,pf_expression,pf_identity_legal,pf_identity_sex_male,pf_identity_sex_female,pf_identity_sex,pf_identity_divorce,pf_identity,pf_score,ef_government_consumption,ef_government_transfers,ef_government_enterprises,ef_government_tax_income,ef_government_tax_payroll,ef_government_tax,ef_government_soa,ef_government,ef_legal_judicial,ef_legal_courts,ef_legal_protection,ef_legal_military,ef_legal_integrity,ef_legal_enforcement,ef_legal_restrictions,ef_legal_police,ef_legal_crime,ef_legal_gender,ef_legal,ef_money_growth,ef_money_sd,ef_money_inflation,ef_money_currency,ef_money,ef_trade_tariffs_revenue,ef_trade_tariffs_mean,ef_trade_tariffs_sd,ef_trade_tariffs,ef_trade_regulatory_nontariff,ef_trade_regulatory_compliance,ef_trade_regulatory,ef_trade_black,ef_trade_movement_foreign,ef_trade_movement_capital,ef_trade_movement_visit,ef_trade_movement,ef_trade,ef_regulation_credit_ownership,ef_regulation_credit_private,ef_regulation_credit_interest,ef_regulation_credit,ef_regulation_labor_minwage,ef_regulation_labor_firing,ef_regulation_labor_bargain,ef_regulation_labor_hours,ef_regulation_labor_dismissal,ef_regulation_labor_conscription,ef_regulation_labor,ef_regulation_business_adm,ef_regulation_business_bureaucracy,ef_regulation_business_start,ef_regulation_business_bribes,ef_regulation_business_licensing,ef_regulation_business_compliance,ef_regulation_business,ef_regulation,ef_score
0,Algeria,93507.0,2631.0,2132.378,59.999,1.1130232558139532,70.68374149659873,29.10000000000016,6.211,3.857,0.5,278.36400000000003,6.73,0.6999999999999968,30.399999999999828,1.8999999999999893,76.88,0.7539999999999972,45.52,29.957322700000002,45.52,-5,193056000000.0,159049145187,4402.5406,43851.044,2381741,18.4113,1.0185,293.125,Algeria,Middle East & North Africa,4.99,4.0,3.0250000000000004,5.174999999999999,4.6625,3.8,9.5,10.0,9.5,5.0,9.9,9.9,8.9,10.0,0.0,5.0,7.8,10.0,5.0,2.5,5.8,5.0,6.9,3.0,4.9,5.0,5.0,5.0,5.0,5.0,5.0,10.0,9.5,2.7,4.0,10.0,7.5,7.5,7.3,7.0,0.0,0.0,0.0,0.0,0.0,5.2,2.7,7.8,0.0,7.0,2.0,4.5,2.9,3.6,4.3,4.3,4.8,4.2,5.0,4.4,6.6,6.1,6.7,0.8,4.7,7.0,8.5,8.9,5.0,7.3,8.5,6.2,5.9,6.9,4.8,0.5,2.6,0.0,3.7,0.0,1.1,1.6,2.8,0.0,5.3,10.0,5.1,5.6,4.1,6.0,6.0,7.8,3.0,5.4,3.7,1.8,9.3,3.8,8.7,7.0,5.7,5.4,4.77
1,Argentina,1517046.0,41365.0,33566.101,915.24,1.17911196911197,77.73050473186069,31.89999999999981,11.198,7.441,0.6,191.032,5.5,16.199999999999903,27.69999999999993,5.0,76.67,0.8249999999999952,28.78,0.0,28.78,-7,515352999999.9999,545866164479,11402.6811,45195.774,2780400,16.2551,1.0093,1126.75,Argentina,Latin America & the Caribbean,6.86,2.0,7.1,5.8,4.3,5.7,8.0,5.0,10.0,7.5,10.0,10.0,8.5,10.0,10.0,10.0,8.8,10.0,10.0,10.0,10.0,7.5,9.0,6.9,7.8,7.5,10.0,5.0,7.5,7.5,7.5,10.0,10.0,5.7,5.5,10.0,10.0,10.0,8.7,10.0,10.0,10.0,10.0,10.0,10.0,8.04,5.4,6.3,6.0,7.0,1.0,4.0,6.9,5.7,3.6,3.0,4.4,7.5,3.3,3.6,6.9,3.7,4.1,0.8,4.0,5.0,6.0,4.9,10.0,6.5,6.7,7.3,5.9,6.6,4.6,5.2,4.9,10.0,5.4,0.8,8.0,4.7,6.5,5.0,4.3,9.0,6.1,2.8,2.2,3.3,10.0,2.5,10.0,5.1,2.5,7.1,9.6,3.3,5.4,6.5,5.7,5.6,5.67
2,Australia,28072.0,908.0,1100.868,35.60800000000001,1.03007434944238,58.12506451612897,37.89999999999978,15.504,10.129,0.5,107.791,5.07,13.0,16.5,3.8399999999999936,83.44,0.9389999999999992,20.21,16.0943791,20.21,-5,1481460000000.0,1304463104965,58096.7349,25499.884,7692024,3.3151,1.0118,5446.625,Australia,Oceania,8.62,1.0,8.4,7.5,7.4,7.8,9.7,10.0,10.0,10.0,9.9,9.8,10.0,10.0,10.0,10.0,9.9,10.0,10.0,10.0,10.0,10.0,8.3,8.9,9.1,10.0,10.0,10.0,10.0,10.0,10.0,10.0,10.0,8.0,7.8,10.0,10.0,10.0,9.4,7.0,10.0,10.0,10.0,10.0,9.0,9.16,4.5,6.8,10.0,6.0,5.0,5.5,7.9,7.0,8.7,5.7,8.2,10.0,9.2,6.0,8.2,8.6,6.8,1.0,7.9,9.0,9.3,9.6,10.0,9.5,8.7,9.5,8.3,8.8,6.7,8.4,7.5,10.0,6.9,4.6,0.1,3.9,7.6,10.0,8.9,10.0,9.6,8.9,3.8,5.7,10.0,7.9,10.0,7.7,3.8,9.6,9.9,7.2,8.9,8.8,8.0,8.5,8.07
3,Austria,330343.0,4764.0,36678.695,528.957,1.1745756457564571,52.447750000000156,44.39999999999977,19.202,13.748,0.7,145.183,6.35,28.399999999999853,30.899999999999828,7.369999999999945,81.54,0.9079999999999953,15.78,0.0,15.78,-2,481678000000.0,390799991147,53481.7582,9006.398,83871,107.3839,1.0057,4976.625,Austria,Western Europe,8.48,1.0,9.0,7.9,7.7,8.2,9.7,10.0,10.0,10.0,9.9,10.0,10.0,10.0,10.0,10.0,9.9,10.0,10.0,10.0,10.0,10.0,8.1,5.6,7.9,10.0,10.0,10.0,10.0,10.0,10.0,10.0,10.0,7.3,8.0,10.0,10.0,10.0,9.3,10.0,10.0,10.0,10.0,10.0,10.0,9.25,3.8,3.4,10.0,4.0,3.0,3.5,7.6,5.7,7.7,5.6,8.2,10.0,10.0,6.2,8.1,8.5,7.2,1.0,7.9,8.2,9.9,9.6,10.0,9.4,9.0,9.0,6.7,8.2,6.5,10.0,8.2,10.0,6.9,3.1,7.7,5.9,8.1,8.0,9.7,10.0,9.2,8.9,3.6,2.2,6.0,10.0,3.0,5.6,4.2,9.3,9.2,6.4,7.3,8.5,7.5,7.5,7.71
4,Bahrain,89600.0,349.0,52656.85,205.103,1.080743494423792,65.09775510204112,32.39999999999982,2.372,1.3869999999999998,0.0,151.689,16.52,5.7999999999999705,37.60000000000021,2.0,77.29,0.8460000000000022,60.13,21.9722458,60.13,-2,40707000000.0,32179073596,23923.13,1701.575,765,2224.281,1.0368,1011.75,Bahrain,Middle East & North Africa,6.63,3.0,3.0250000000000004,5.174999999999999,4.6625,5.9,9.8,10.0,10.0,2.5,8.7,6.5,7.5,10.0,0.0,5.0,7.4,10.0,0.0,2.5,4.2,10.0,8.4,4.0,7.5,5.0,0.0,0.0,10.0,10.0,5.0,10.0,0.0,0.7,0.8,7.5,7.5,2.5,4.1,7.0,10.0,10.0,10.0,0.0,5.0,5.91,5.0,8.0,10.0,10.0,10.0,10.0,1.8,7.0,6.8,6.2,7.4,5.0,7.5,4.8,8.9,7.8,7.3,0.5,5.2,10.0,7.8,9.7,10.0,9.4,9.5,9.0,6.4,8.3,6.7,6.4,6.6,10.0,7.5,6.2,0.8,4.8,7.4,10.0,2.8,10.0,7.6,8.3,5.7,7.7,8.0,7.0,10.0,7.8,6.1,8.0,9.7,6.6,8.1,9.7,8.0,7.8,7.35
5,Bangladesh,495841.0,7156.0,3010.765,43.451,1.1522314049586777,77.5418881118883,27.5,5.098,3.262,14.8,298.003,8.38,1.0,44.70000000000019,0.8000000000000039,72.59,0.6080000000000021,49.37,34.339872,49.37,-1,343279000000.0,220836732893,2084.4027,164689.383,147570,1116.0086,1.0101,27.75,Bangladesh,South Asia,5.77,4.0,1.5,3.7,3.4,3.1,9.1,0.0,9.9,5.0,9.9,9.9,7.0,10.0,0.0,5.0,7.0,5.0,5.0,10.0,6.7,7.5,6.1,4.2,5.9,5.0,7.5,7.5,7.5,7.5,7.0,9.8,9.8,3.7,3.3,7.5,7.5,7.5,7.0,0.0,0.0,10.0,5.0,0.0,1.7,5.37,9.4,9.7,7.0,8.0,8.0,8.0,6.6,8.2,3.8,3.5,5.1,4.2,3.3,0.9,2.7,3.9,4.7,0.8,3.1,9.3,9.8,8.9,0.0,7.0,5.5,7.2,6.2,6.3,6.3,0.0,3.1,10.0,5.5,0.0,7.6,4.4,6.0,5.0,8.7,10.0,7.9,10.0,5.2,6.5,10.0,1.4,10.0,7.2,3.9,2.4,9.2,2.5,6.6,5.1,5.0,6.7,6.18
6,Belarus,165897.0,1291.0,17556.5,136.624,1.1444979919678708,16.200614334471034,40.29999999999987,14.799,9.788,0.0,443.129,5.18,10.5,46.100000000000236,11.0,74.79,0.8079999999999985,49.75,0.0,49.75,0,63664000000.0,47408111179,6737.4139,9449.323,207600,45.517,0.9997,365.875,Belarus,Eastern Europe,6.65,3.0,3.9,5.9,5.0,5.1,8.6,10.0,10.0,5.0,10.0,10.0,9.0,10.0,10.0,10.0,9.2,10.0,5.0,10.0,8.3,2.5,8.5,4.5,5.2,2.5,2.5,2.5,2.5,2.5,2.5,10.0,10.0,0.7,2.5,7.5,5.0,5.0,5.8,7.0,10.0,10.0,10.0,10.0,9.0,6.66,5.6,5.5,10.0,10.0,5.0,7.5,2.0,6.1,4.021052631578947,4.1,4.989473684210528,5.0,5.8,7.0,9.9,5.489473684210526,6.48421052631579,0.7,5.3,8.4,7.6,8.8,5.0,7.4,8.3,8.6,6.7,7.9,6.2,9.7,7.9,10.0,5.84736842105263,0.8,1.8,1.3,6.8,2.0,10.0,10.0,7.3,10.0,4.347368421052631,6.763157894736841,10.0,7.8,1.0,7.2,3.189473684210526,6.0,9.7,4.010526315789474,8.3,7.9,8.0,7.5,6.64
7,Belgium,615058.0,18278.0,53069.748,1577.101,1.1742490842490845,55.9612302839116,41.7999999999998,18.571,12.849,0.2,114.898,4.29,25.100000000000144,31.39999999999981,5.640000000000036,81.63,0.9159999999999974,12.57,0.0,12.57,-3,553781000000.0,467955267357,47782.4861,11589.623,30528,379.6391,1.0044,4584.0,Belgium,Western Europe,8.29,1.0,8.7,7.3,7.2,7.8,9.3,10.0,10.0,10.0,9.9,10.0,10.0,10.0,10.0,10.0,9.8,10.0,10.0,10.0,10.0,10.0,8.3,6.1,8.1,10.0,10.0,10.0,10.0,10.0,10.0,10.0,10.0,9.0,9.3,10.0,10.0,10.0,9.8,7.0,10.0,10.0,10.0,10.0,9.0,9.07,2.5,2.1,10.0,2.0,0.0,1.0,8.7,4.9,7.8,5.4,7.9,10.0,8.3,5.6,4.8,7.6,6.3,1.0,7.1,8.5,9.8,9.6,10.0,9.5,9.0,9.0,6.7,8.2,5.9,10.0,7.9,10.0,7.9,3.8,7.7,6.5,8.2,8.0,9.6,10.0,9.2,8.9,3.7,5.6,6.0,10.0,10.0,7.4,3.5,8.7,9.8,6.5,7.5,8.5,7.4,8.0,7.51
8,Benin,3152.0,44.0,259.997,3.629,0.9585308056872021,47.08434306569332,18.800000000000093,3.244,1.942,49.6,235.848,0.99,0.5999999999999969,12.300000000000054,0.5,61.77,0.5149999999999991,35.11,0.0,35.11,-17,12129000000.0,8893638002,1000.4784,12123.2,112622,107.645,1.0273,33.375,Benin,Sub-Saharan Africa,6.77,3.0,3.233333333333333,4.872222222222222,4.044444444444444,4.2,9.6,10.0,10.0,7.5,10.0,10.0,9.5,9.1,5.0,7.1,8.7,5.0,10.0,2.5,5.8,10.0,8.6,9.6,9.4,10.0,10.0,10.0,7.5,10.0,9.5,10.0,10.0,5.7,7.3,10.0,10.0,10.0,9.0,6.230769230769231,10.0,10.0,10.0,7.5,8.8,7.47,7.5,9.8,7.0,4.0,3.0,3.5,7.5,7.1,3.4,4.2,4.9,6.4,4.8354838709677415,1.1,6.6,5.8,5.0,0.8,4.2,7.2,9.6,10.0,0.0,6.7,5.8,7.6,7.0,6.8,4.7,5.2,4.9,10.0,5.2,0.8,1.8,2.6,6.1,10.0,5.5,5.0,6.8,7.8,5.2,7.7,8.0,7.6,1.0,6.2,3.8,4.2,9.7,2.8,9.5,7.0,6.2,6.4,6.08
9,Bosnia and Herzegovina,103232.0,3511.0,31465.352000000006,1070.161,1.1670817120622556,57.99404181184666,42.5,16.569000000000006,10.711,0.2,329.635,10.08,30.199999999999925,47.700000000000216,3.5,77.4,0.7680000000000006,28.51,0.0,28.51,5,21343000000.0,16909904149,6505.3878,3280.819,51209,64.0672,0.9939,453.75,Bosnia and Herzegovina,Eastern Europe,7.37,2.0,5.5,5.0,5.1,5.5,9.5,10.0,10.0,5.0,10.0,10.0,9.0,10.0,7.5,8.8,9.1,10.0,5.0,10.0,8.3,10.0,8.4,7.1,8.5,10.0,7.5,10.0,10.0,10.0,9.5,10.0,10.0,6.3,4.3,10.0,10.0,10.0,8.7,7.0,10.0,10.0,10.0,10.0,9.0,8.04,5.7,5.6,4.0,10.0,3.0,6.5,6.3,5.6,2.7,2.0,3.7,5.3,6.666666666666668,3.8,7.8,4.3,5.2,0.9,4.2,8.8,9.7,9.8,5.0,8.3,10.0,8.7,6.8,8.5,5.2,9.6,7.4,10.0,4.7,3.1,8.5,5.4,7.8,10.0,10.0,10.0,10.0,5.6,3.7,7.4,10.0,7.5,10.0,7.3,2.2,5.1,7.2,3.1,7.7,5.4,5.1,7.5,6.69
10,Botswana,12873.0,38.0,5474.087,16.159000000000002,0.8701265822784793,62.18972972972969,25.800000000000114,3.941,2.242,18.2,237.372,4.81,5.700000000000028,34.39999999999983,1.8000000000000076,69.59,0.7170000000000034,23.56,0.0,23.56,5,20873000000.0,15566057294,8875.9825,2351.627,582000,4.0406,1.0208,422.375,Botswana,Sub-Saharan Africa,7.17,2.0,3.3,6.1,5.5,5.6,4.0,10.0,10.0,10.0,10.0,10.0,10.0,10.0,7.5,8.8,7.6,10.0,10.0,2.5,7.5,7.5,9.8,8.2,9.0,6.583333333333333,5.416666666666667,6.083333333333333,6.25,7.25,6.316666666666666,10.0,10.0,6.0,5.3,8.392857142857142,7.5,7.5,7.8,10.0,0.0,0.0,0.0,5.0,5.0,6.97,3.7,8.8,7.0,9.0,9.0,9.0,3.3,6.4,5.4,5.3,6.8,8.3,5.8,3.1,7.8,6.1,5.6,1.0,5.9,9.4,8.3,9.3,10.0,9.3,1.0,8.5,5.6,5.0,5.5,9.4,7.5,10.0,6.4,5.4,10.0,7.3,7.4,8.0,9.6,10.0,9.2,10.0,4.8,6.4,10.0,3.8,10.0,7.5,4.2,6.7,8.5,4.8,9.3,8.7,7.0,7.9,7.37
11,Brazil,7040608.0,183735.0,33123.013,864.3939999999999,1.232368421052632,67.29658536585357,33.5,8.552,5.06,3.4,177.96099999999996,8.11,10.099999999999945,17.89999999999997,2.2000000000000037,75.88,0.7589999999999942,33.92,26.3905733,34.05,-2,2062500000000.0,1795925681016,9703.1693,212559.417,8515767,24.9607,1.0072,919.125,Brazil,Latin America & the Caribbean,6.48,3.0,5.0,5.3,3.7,4.7,0.0,10.0,10.0,10.0,10.0,10.0,10.0,10.0,10.0,10.0,6.7,10.0,10.0,10.0,10.0,5.0,8.2,9.1,7.4,10.0,10.0,2.5,2.5,7.5,6.5,9.8,10.0,5.3,4.5,10.0,10.0,10.0,8.5,0.0,10.0,10.0,10.0,10.0,6.7,6.74,4.7,5.2,4.0,8.0,4.0,6.0,8.4,5.7,4.8,2.9,5.3,6.7,3.3,3.6,8.2,4.2,2.8,1.0,4.5,9.1,9.2,9.3,10.0,9.4,8.6,7.3,6.1,7.4,4.0,7.9,5.9,10.0,5.2,2.3,8.2,5.2,7.1,5.0,4.9,5.0,5.0,2.2,1.7,5.2,6.0,7.1,3.0,4.2,1.1,6.0,9.3,2.9,5.0,0.0,4.0,4.4,6.23
12,Bulgaria,186246.0,6196.0,26803.983,891.71,1.163629343629344,48.12652482269495,44.70000000000018,20.801,13.272,1.5,424.6880000000001,5.81,30.10000000000016,44.39999999999978,7.453999999999972,75.05,0.8129999999999956,35.06,0.0,35.06,0,71746000000.0,53239643485,10325.4757,6948.445,110879,62.6669,0.9926,589.25,Bulgaria,Eastern Europe,7.79,1.0,5.0,5.6,4.1,4.9,9.4,10.0,10.0,10.0,10.0,10.0,10.0,10.0,10.0,10.0,9.8,10.0,10.0,10.0,10.0,7.5,8.1,5.8,7.1,10.0,10.0,7.5,10.0,10.0,9.5,10.0,10.0,6.0,5.8,10.0,10.0,10.0,8.8,7.0,10.0,10.0,10.0,7.5,8.2,8.04,5.7,5.8,8.0,10.0,7.0,8.5,7.6,7.1,3.5,3.4,4.3,8.3,5.0,5.1,8.7,4.4,4.9,1.0,5.3,8.8,9.3,9.6,10.0,9.4,9.0,9.0,6.7,8.2,5.4,9.8,7.6,10.0,5.3,6.9,7.6,6.6,8.1,10.0,10.0,10.0,10.0,5.6,4.6,6.9,6.0,9.3,10.0,7.1,4.0,6.0,9.3,3.5,9.3,4.9,6.2,7.7,7.54
13,Burkina Faso,4449.0,73.0,212.837,3.492,1.0002352941176489,46.438924731182674,17.600000000000012,2.4090000000000003,1.358,43.7,269.048,2.42,1.6000000000000074,23.8999999999999,0.40000000000000185,61.58,0.42300000000000093,23.47,0.0,23.47,-2,16266000000.0,11695117109,778.1557,20903.273,272967,76.578,1.0286,38.375,Burkina Faso,Sub-Saharan Africa,6.73,3.0,5.1,4.9,4.5,4.9,9.5,10.0,10.0,7.5,9.1,9.5,9.2,2.4,7.5,5.0,7.9,10.0,10.0,10.0,10.0,7.5,8.1,8.4,8.0,7.5,7.5,7.5,7.5,7.5,7.5,10.0,10.0,4.7,7.0,7.5,7.5,7.5,7.7,6.230769230769231,10.0,10.0,10.0,7.5,8.8,7.39,2.5,9.6,2.0,9.0,4.0,6.5,8.1,5.7,4.3,4.6,5.1,3.3,5.8,2.1,4.8,6.0,4.7,0.9,4.3,9.5,8.5,9.9,0.0,7.0,6.5,7.6,7.0,7.0,5.3,3.6,4.4,10.0,5.6,0.8,7.2,4.5,6.5,10.0,8.0,5.0,7.7,6.7,4.5,6.4,6.0,7.9,10.0,6.9,3.7,4.2,9.1,3.1,8.9,7.0,6.0,6.9,6.07
14,Canada,485576.0,13815.0,12865.613,366.036,1.1869776119402982,56.86648148148123,41.39999999999976,16.984,10.797,0.5,105.599,7.37,12.0,16.600000000000037,2.5,82.43,0.9259999999999936,15.29,0.0,15.29,2,1832490000000.0,1529760492201,48552.8727,37742.154,9984670,3.78,1.0089,5006.625,Canada,North America,8.65,1.0,8.6,7.2,7.4,7.7,9.3,10.0,10.0,10.0,9.9,9.9,10.0,10.0,10.0,10.0,9.7,10.0,10.0,10.0,10.0,10.0,8.4,8.6,9.0,10.0,10.0,10.0,10.0,10.0,10.0,10.0,10.0,8.3,8.3,10.0,10.0,10.0,9.5,10.0,10.0,10.0,10.0,10.0,10.0,9.22,4.0,7.1,8.0,5.0,5.0,5.0,8.3,6.5,8.7,6.1,8.4,10.0,9.2,3.6,9.0,8.8,6.9,1.0,7.8,9.0,9.5,9.7,10.0,9.6,9.7,9.2,2.1,7.0,5.9,9.9,7.9,10.0,7.0,7.7,5.5,6.7,7.9,10.0,9.9,10.0,10.0,8.9,6.2,7.4,8.0,8.3,10.0,8.1,4.6,9.8,9.9,6.8,6.9,8.5,7.7,8.6,8.08
15,Cape Verde,11458.0,110.0,20608.358,197.846,1.0558558558558564,72.43435114503806,25.699999999999882,4.46,3.437,8.1,182.219,2.42,2.1000000000000107,16.5,2.1000000000000107,72.98,0.6539999999999984,20.15,0.0,20.15,0,2208000000.0,1638928099,3971.3159,555.987,4033,137.8594,1.011,164.625,Cape Verde,Sub-Saharan Africa,7.45,2.0,3.233333333333333,4.872222222222222,4.044444444444445,5.8,5.4,10.0,10.0,5.5625,10.0,10.0,10.0,10.0,10.0,10.0,8.5,10.0,10.0,10.0,10.0,7.5,9.8,6.4,8.1,6.583333333333333,5.416666666666667,6.083333333333333,6.25,7.25,6.316666666666666,10.0,10.0,8.0,7.8,8.392857142857142,7.5,7.5,8.9,6.230769230769232,10.0,10.0,10.0,2.5,6.3,7.74,5.6,9.4,7.0,8.0,4.0,6.0,7.9,7.2,5.3,3.8,5.2,8.7,4.8354838709677415,6.1,8.8,5.4,5.0,1.0,6.0,8.8,9.7,9.8,5.0,8.3,7.3,8.0,4.8,6.7,4.9,6.7,5.8,10.0,6.0,2.7,10.0,6.2,7.2,10.0,8.6,10.0,9.5,3.9,4.5,6.9,8.0,5.1,1.0,4.9,4.6,5.6,9.3,4.4,9.2,8.0,6.8,7.1,7.16
16,Chile,576731.0,15959.0,30169.737,834.841,1.1492045454545463,73.07479729729714,35.39999999999979,11.087,6.938,1.3,127.993,8.46,34.20000000000004,41.5,2.1100000000000105,80.18,0.8429999999999961,27.31,13.8629436,27.31,-5,313561000000.0,247045730477,16402.893,19116.201,756102,25.2826,1.0087,1125.625,Chile,Latin America & the Caribbean,8.15,1.0,7.7,6.3,5.6,6.5,8.3,10.0,10.0,10.0,10.0,10.0,10.0,10.0,10.0,10.0,9.4,10.0,10.0,10.0,10.0,10.0,9.1,8.7,9.3,10.0,10.0,10.0,10.0,10.0,10.0,10.0,10.0,7.3,6.8,10.0,10.0,10.0,9.2,0.0,10.0,10.0,10.0,7.5,5.8,8.41,6.4,8.5,10.0,7.0,7.0,7.0,9.0,8.2,6.5,4.7,7.0,7.5,7.5,5.3,9.1,8.0,5.2,0.9,6.4,9.1,9.5,9.6,10.0,9.5,9.8,9.8,9.8,9.8,7.2,6.8,7.0,10.0,7.6,3.1,9.1,6.6,8.3,8.0,8.8,9.0,8.6,6.7,3.4,8.3,10.0,2.5,1.0,5.3,3.9,7.8,9.7,6.0,7.7,6.7,7.0,7.0,7.89
17,China,94626.0,4757.0,65.743,3.305,1.0674132492113564,71.86545731707291,38.70000000000018,10.640999999999998,5.9289999999999985,0.7,261.899,9.74,1.8999999999999884,48.39999999999975,4.339999999999984,76.91,0.7520000000000037,76.68,80.43342170000001,78.48,0,15468100000000.0,11218281029298,10746.7828,1439323.776,9706961,148.2775,1.0039,329.0,China,East Asia,6.17,4.0,4.0,5.4,4.8,4.7,9.8,5.0,10.0,5.0,10.0,10.0,8.0,10.0,10.0,10.0,9.3,5.0,0.0,10.0,5.0,0.0,7.5,3.5,3.7,2.5,2.5,0.0,0.0,2.5,1.5,10.0,9.7,0.0,1.5,7.5,2.5,5.0,5.2,7.0,10.0,10.0,10.0,10.0,9.0,5.92,3.8,8.3,2.0,6.0,6.0,6.0,3.2,4.7,5.8,5.2,6.0,5.0,5.8,5.7,8.3,6.0,6.3,0.9,5.6,10.0,9.3,9.7,5.0,8.5,9.4,8.0,6.9,8.1,5.8,8.2,7.0,10.0,5.9,0.0,0.6,2.1,6.8,2.0,9.4,10.0,7.1,8.9,5.8,6.0,10.0,2.5,0.0,5.5,5.6,3.8,9.7,5.8,8.4,8.4,7.0,6.5,6.42
18,Colombia,1456599.0,39560.0,28626.502,777.472,1.183448275862069,76.43173144876349,32.19999999999997,7.646,4.312,4.5,124.24,7.44,4.700000000000026,13.5,1.7099999999999915,77.29,0.7470000000000057,41.84,45.9511985,42.66,-1,352810000000.0,282462551367,6933.7648,50882.891,1141748,44.5658,1.0108,492.75,Colombia,Latin America & the Caribbean,6.93,2.0,5.0,4.9,3.4,4.4,0.0,0.0,10.0,2.5,9.4,9.5,6.3,10.0,10.0,10.0,5.4,10.0,10.0,10.0,10.0,10.0,8.2,8.0,8.7,10.0,10.0,10.0,10.0,10.0,10.0,9.3,10.0,5.7,3.5,10.0,10.0,10.0,8.4,10.0,10.0,10.0,10.0,10.0,10.0,7.18,6.5,8.0,10.0,7.0,2.0,4.5,7.2,7.2,3.1,2.8,4.9,4.2,3.3,2.2,9.1,4.0,3.2,0.9,3.9,9.4,9.2,9.1,5.0,8.2,9.1,8.9,6.4,8.1,4.9,3.6,4.3,8.8,5.5,1.5,9.6,5.6,6.7,10.0,9.7,10.0,9.9,8.9,3.9,6.3,10.0,4.8,1.0,5.8,2.7,6.7,9.5,2.9,8.8,7.1,6.3,7.3,6.68
19,Costa Rica,155263.0,1967.0,30478.902,386.132,1.1355813953488365,65.48288732394384,33.60000000000018,9.468,5.694,1.3,137.97299999999998,8.78,6.400000000000031,17.399999999999988,1.1299999999999966,80.28,0.7940000000000036,10.53,0.0,10.53,3,63460000000.0,57435510668,12457.5049,5094.118,51100,99.6892,1.0092,815.875,Costa Rica,Latin America & the Caribbean,7.7,2.0,8.1,6.3,5.6,6.6,5.1,10.0,10.0,10.0,10.0,10.0,10.0,10.0,5.0,7.5,7.5,10.0,10.0,10.0,10.0,10.0,9.4,4.8,8.1,10.0,10.0,10.0,7.5,10.0,9.5,10.0,10.0,8.7,8.5,10.0,10.0,10.0,9.6,7.0,10.0,10.0,10.0,5.0,7.3,7.99,5.5,8.5,8.0,9.0,4.0,6.5,6.7,7.0,6.9,4.4,6.5,10.0,4.2,3.5,8.7,6.1,5.4,0.9,5.8,9.8,9.5,9.7,10.0,9.8,8.6,8.9,6.4,8.0,4.9,7.5,6.2,10.0,6.9,6.9,9.3,7.7,8.0,5.0,6.4,9.0,6.8,2.2,4.7,6.3,8.0,5.7,10.0,6.1,2.6,5.1,9.2,4.7,8.7,8.3,6.4,6.5,7.41
20,Croatia,183045.0,2870.0,44587.832,699.102,1.1803076923076918,48.63672297297315,44.0,19.724,13.053,0.7,253.782,5.59,34.29999999999996,39.89999999999978,5.539999999999979,78.49,0.8309999999999957,28.51,0.0,28.51,5,64590000000.0,51231002611,15733.4468,4105.267,56594,72.5389,0.9939,953.25,Croatia,Eastern Europe,7.86,1.0,5.5,5.7,5.1,5.7,9.6,10.0,10.0,10.0,10.0,10.0,10.0,10.0,10.0,10.0,9.9,10.0,10.0,10.0,10.0,7.5,9.1,7.6,8.1,10.0,10.0,7.5,7.5,10.0,9.0,10.0,10.0,7.0,5.8,10.0,10.0,7.5,8.6,10.0,10.0,10.0,10.0,10.0,10.0,8.45,4.3,4.3,10.0,5.0,1.0,3.0,7.0,5.7,2.9,1.7,4.3,8.3,7.5,4.6,7.8,5.9,7.2,1.0,5.6,8.7,9.8,9.8,10.0,9.6,9.9,9.0,6.7,8.5,6.7,10.0,8.3,10.0,5.4,4.6,7.6,5.9,8.2,8.0,10.0,10.0,9.3,5.6,2.6,6.5,6.0,7.5,10.0,6.4,1.4,6.9,9.2,3.3,8.5,7.7,6.2,7.3,7.26
21,Cyprus,16190.0,85.0,18483.866,97.043,1.1236328125,64.57886120996437,37.299999999999926,13.416,8.562999999999999,0.0,141.171,9.24,19.600000000000048,52.70000000000026,3.3999999999999844,80.98,0.8689999999999999,20.45,0.0,20.45,1,26348000000.0,20046234311,21822.8381,1207.359,9251,130.5112,1.0073,1846.5,Cyprus,Eastern Europe,7.93,1.0,5.675,5.768750000000001,5.00625,6.6,9.8,10.0,10.0,7.5,10.0,10.0,9.5,10.0,10.0,10.0,9.8,10.0,10.0,2.5,7.5,7.5,8.6,5.4,7.2,10.0,10.0,7.5,7.5,7.5,8.5,10.0,10.0,8.7,7.5,10.0,10.0,10.0,9.5,10.0,10.0,10.0,10.0,5.0,8.3,8.18,6.4,5.9,8.0,7.0,7.0,7.0,7.3,6.9,6.2,4.5,6.2,8.3,8.3,4.0,6.4,6.3,6.9,0.9,6.1,8.0,9.5,9.9,10.0,9.4,9.0,9.0,6.7,8.2,6.4,9.3,7.9,10.0,6.3,6.9,7.7,7.0,8.3,10.0,10.0,10.0,10.0,5.6,4.8,6.1,10.0,10.0,1.0,6.2,4.7,8.9,9.7,4.7,5.0,8.6,6.9,7.7,7.68
22,Denmark,120330.0,975.0,20774.479,168.33,1.130371747211895,48.52093851132685,42.29999999999977,19.677,12.325,0.2,114.767,6.41,19.30000000000011,18.80000000000011,2.5,80.9,0.9289999999999974,8.13,0.0,8.13,2,364546000000.0,306899653410,62937.3768,5792.202,43094,134.4085,1.0035,5968.75,Denmark,Western Europe,8.56,1.0,9.3,8.6,8.2,8.7,9.5,10.0,10.0,10.0,10.0,10.0,10.0,10.0,10.0,10.0,9.8,10.0,10.0,10.0,10.0,10.0,7.7,5.4,7.7,10.0,10.0,10.0,7.5,10.0,9.5,4.2,10.0,9.3,8.5,10.0,10.0,10.0,8.9,10.0,10.0,10.0,10.0,10.0,10.0,9.24,1.6,4.5,8.0,3.0,2.0,2.5,7.0,4.7,8.6,6.1,8.2,10.0,10.0,5.4,9.7,7.8,6.9,1.0,8.1,9.8,9.7,9.8,10.0,9.8,9.0,9.0,6.7,8.2,6.6,10.0,8.3,10.0,7.5,6.9,7.7,7.4,8.5,10.0,10.0,10.0,10.0,10.0,6.9,5.7,8.0,10.0,3.0,7.3,4.3,6.9,9.8,7.7,9.9,8.5,7.9,8.4,7.89
23,Ecuador,203461.0,13915.0,11532.07,788.695,1.1327203065134095,70.76465454545416,28.100000000000147,7.104,4.458,3.6,140.44799999999998,5.55,2.0,12.30000000000006,1.5,77.01,0.7520000000000029,32.62,0.0,32.62,-1,107730000000.0,98010212618,6106.0857,17643.054,276841,63.7299,1.0155,481.25,Ecuador,Latin America & the Caribbean,6.82,2.0,4.4,4.6,3.8,4.3,7.7,10.0,10.0,7.5,10.0,10.0,9.5,10.0,7.5,8.8,8.6,10.0,10.0,10.0,10.0,5.0,9.3,9.1,7.8,7.5,10.0,5.0,2.5,7.5,6.5,10.0,9.4,2.3,3.3,10.0,10.0,10.0,7.9,10.0,10.0,10.0,10.0,7.5,9.2,7.36,6.0,9.6,6.0,6.0,4.0,5.0,6.0,6.5,1.3,2.2,3.9,2.5,4.2,4.9,8.6,4.7,4.6,1.0,4.0,9.3,9.1,9.9,5.0,8.3,6.5,7.6,4.9,6.3,3.2,5.2,4.2,10.0,3.4,3.1,10.0,5.5,6.5,8.0,7.7,10.0,8.6,4.4,2.4,6.4,6.0,0.6,10.0,5.0,2.1,3.1,8.2,2.6,8.8,2.6,4.6,6.0,6.28
24,Egypt,123153.0,6990.0,1203.437,68.305,1.0944528301886804,61.54944262295057,25.300000000000125,5.159,2.891,1.3,525.432,17.31,0.2000000000000011,50.10000000000025,1.6000000000000087,71.99,0.6959999999999984,53.81,68.8755257,56.82,-3,331360000000.0,270143813412,3238.0117,102334.404,1002450,102.0843,1.0194,138.625,Egypt,Middle East & North Africa,4.5,4.0,1.8,3.8,4.2,3.6,9.0,0.0,8.3,2.5,7.0,8.7,5.3,1.3,0.0,0.7,5.0,10.0,0.0,2.5,4.2,2.5,5.9,2.8,3.7,5.0,2.5,2.5,2.5,5.0,3.5,10.0,7.9,1.3,1.5,7.5,10.0,7.5,6.5,7.0,0.0,0.0,0.0,0.0,0.0,3.95,8.7,7.1,0.0,9.0,5.0,7.0,1.5,4.9,6.9,4.3,5.5,1.7,5.0,3.4,8.2,6.3,5.7,0.5,4.0,6.5,7.4,4.1,5.0,5.8,8.3,6.2,0.0,4.8,5.4,2.0,3.7,10.0,4.3,4.6,5.2,4.7,5.8,2.0,0.0,9.0,3.7,10.0,4.8,6.4,8.0,0.6,0.0,5.0,3.7,2.9,9.2,4.8,8.1,5.6,5.7,4.8,5.05
25,El Salvador,42397.0,1219.0,6536.491999999998,187.937,1.1276987447698763,78.29339483394808,27.60000000000013,8.273,5.417000000000002,2.2,167.295,8.87,2.5,18.800000000000093,1.3000000000000065,73.32,0.6740000000000042,29.7,0.0,29.7,7,28202000000.0,26797469656,4347.997,6486.205,21041,308.2651,1.0051,272.375,El Salvador,Latin America & the Caribbean,6.89,2.0,4.5,5.0,3.0,4.4,0.0,5.0,10.0,7.5,10.0,10.0,8.5,10.0,7.5,8.8,5.8,5.0,10.0,10.0,8.3,10.0,9.4,7.8,9.1,7.5,7.5,7.5,7.5,10.0,8.0,10.0,10.0,6.7,5.5,10.0,10.0,10.0,8.9,0.0,10.0,10.0,10.0,10.0,6.7,6.62,7.1,9.3,8.0,8.0,8.0,8.0,9.6,8.4,3.7,2.5,4.1,4.2,2.5,3.8,8.2,2.4,0.8,1.0,3.6,9.8,9.8,9.8,10.0,9.9,9.2,8.8,6.6,8.2,4.8,8.6,6.7,10.0,5.3,3.8,7.9,5.7,7.6,8.0,9.6,10.0,9.2,4.4,3.4,7.1,6.0,2.6,3.0,4.4,2.4,4.4,9.0,2.5,5.8,8.0,5.4,6.3,7.16
26,Estonia,19271.0,160.0,14527.277,120.615,1.1086037735849057,37.52556701030923,42.70000000000017,19.452,13.491,0.5,255.569,4.02,24.5,39.29999999999988,4.690000000000034,78.74,0.8710000000000037,12.61,0.0,12.61,-3,33235000000.0,23337920560,25053.9941,1326.535,45227,29.3306,1.0007,1116.5,Estonia,Eastern Europe,8.46,1.0,8.8,7.8,6.8,7.8,9.1,10.0,10.0,10.0,10.0,10.0,10.0,10.0,10.0,10.0,9.7,10.0,10.0,10.0,10.0,7.5,9.1,8.4,8.3,10.0,7.5,10.0,10.0,10.0,9.5,10.0,10.0,8.3,9.0,10.0,10.0,10.0,9.6,7.0,10.0,10.0,10.0,10.0,9.0,9.02,3.4,6.1,7.0,10.0,4.0,7.0,7.5,6.2,7.6,5.4,7.3,8.3,6.7,5.7,9.5,8.3,7.7,1.0,7.4,8.3,9.5,9.3,10.0,9.3,9.0,9.0,6.7,8.2,7.0,9.9,8.5,10.0,7.8,5.4,7.7,7.0,8.4,10.0,9.9,10.0,10.0,6.7,5.9,8.6,4.0,9.3,3.0,6.2,5.1,10.0,9.8,6.9,9.2,9.4,8.4,8.2,7.89
27,Eswatini,7026.0,135.0,6056.04,116.363,1.0364678899082571,70.35339552238811,21.5,3.1630000000000003,1.845,42.0,333.436,3.94,1.6999999999999924,16.5,2.1000000000000107,60.19,0.5879999999999965,45.15,0.0,45.15,6,4812000000.0,4007002048,4147.6895,1160.164,17364,66.8143,1.0105,263.75,Eswatini,Sub-Saharan Africa,6.4,3.0,3.233333333333334,4.872222222222222,4.044444444444444,4.7,6.2,10.0,10.0,7.5,10.0,10.0,9.5,10.0,2.5,6.3,7.3,10.0,5.0,7.5,7.5,7.5,9.3,6.6,8.0,6.583333333333333,5.416666666666667,6.083333333333333,6.25,7.25,6.316666666666666,10.0,10.0,1.3,2.5,8.392857142857144,7.5,7.5,6.0,7.0,0.0,10.0,5.0,2.5,4.8,6.29,4.7,9.9,0.0,7.0,7.0,7.0,4.7,5.3,4.5,3.8,5.1,5.5,4.835483870967743,1.6,7.3,7.2,7.1,0.9,4.9,8.7,8.5,8.8,5.0,7.7,0.0,8.5,5.6,4.7,5.9,9.8,7.8,10.0,6.1,0.8,9.6,5.5,7.0,8.0,8.3,10.0,8.8,8.9,5.5,5.3,10.0,6.9,10.0,7.7,4.6,4.0,8.9,5.0,9.0,8.6,6.7,7.7,6.52
28,Ethiopia,118006.0,1818.0,1026.464,15.814,1.0965217391304347,71.13463768115929,19.800000000000104,3.526,2.063,26.7,182.634,7.47,0.4000000000000018,8.5,0.29999999999999843,66.6,0.4629999999999973,32.82,19.459101500000003,32.82,11,99371000000.0,70314560872,864.3693,114963.588,1104300,104.1054,1.0257,21.5,Ethiopia,Sub-Saharan Africa,5.25,4.0,2.3,3.9,3.4,3.3,7.0,5.0,10.0,2.5,9.8,9.9,7.4,3.5,7.5,5.5,6.6,10.0,0.0,10.0,6.7,2.5,8.1,6.0,5.6,0.0,0.0,2.5,2.5,2.5,1.5,10.0,9.5,0.3,0.5,7.5,7.5,2.5,5.4,6.230769230769232,0.0,0.0,0.0,7.5,3.8,4.77,7.0,9.1,4.0,7.0,3.0,5.0,2.8,5.6,4.5,4.3,5.3,1.7,7.5,5.5,7.0,5.0,5.7,0.8,4.7,9.0,8.9,8.0,0.0,6.5,3.2,6.5,5.3,5.0,4.7,3.3,4.0,10.0,4.4,0.0,0.2,1.5,5.1,2.0,9.2,10.0,7.1,6.7,4.5,5.5,10.0,7.0,10.0,7.3,4.6,2.4,8.4,4.0,8.7,6.6,5.8,6.7,5.72
29,Finland,31870.0,472.0,5751.962,85.18799999999997,1.1090977443609025,39.602587859424744,42.799999999999784,21.228,13.264,0.0,153.507,5.76,18.30000000000011,22.60000000000013,3.27999999999998,81.91,0.9199999999999976,7.93,0.0,7.93,0,289243000000.0,238502900312,52203.1433,5540.72,338424,16.3721,1.0015,4316.25,Finland,Western Europe,8.53,1.0,9.5,8.0,8.5,8.6,9.5,10.0,10.0,10.0,9.9,9.6,9.9,10.0,10.0,10.0,9.8,10.0,10.0,10.0,10.0,10.0,8.7,5.0,7.9,10.0,10.0,10.0,10.0,10.0,10.0,10.0,10.0,8.7,9.0,10.0,10.0,10.0,9.7,7.0,10.0,10.0,10.0,10.0,9.0,9.27,3.0,3.6,8.0,3.0,2.0,2.5,6.4,4.7,9.6,8.0,9.3,10.0,10.0,5.8,7.8,9.7,8.9,1.0,8.8,8.1,9.7,9.8,10.0,9.4,9.0,9.0,6.7,8.2,7.9,9.1,8.5,10.0,7.7,3.1,7.7,6.2,8.2,10.0,9.7,10.0,9.9,3.9,4.2,2.2,8.0,10.0,3.0,5.2,6.1,8.2,9.4,8.6,9.9,9.0,8.5,7.9,7.8
30,France,2465126.0,59472.0,37766.1,911.12,1.2830824372759873,58.15088957055225,42.0,19.718,13.079,0.0,86.06,4.77,30.100000000000186,35.60000000000021,5.980000000000016,82.66,0.9010000000000056,17.49,44.6590812,22.92,-2,2876050000000.0,2465453975282,44061.5183,65273.511,551695,118.3145,1.0022,4613.375,France,Western Europe,8.02,1.0,6.8,7.0,6.5,6.8,9.5,10.0,10.0,10.0,10.0,9.9,10.0,10.0,7.5,8.8,9.4,10.0,10.0,10.0,10.0,7.5,7.1,7.2,7.3,10.0,10.0,10.0,10.0,10.0,10.0,10.0,10.0,8.0,6.8,10.0,10.0,10.0,9.3,10.0,10.0,10.0,10.0,10.0,10.0,8.69,2.8,2.3,8.0,5.0,2.0,3.5,7.4,4.8,7.1,5.6,7.5,8.3,8.3,6.4,6.8,7.8,6.5,1.0,7.0,8.2,9.9,9.8,10.0,9.5,9.0,9.0,6.7,8.2,5.4,10.0,7.7,10.0,7.2,5.4,7.7,6.8,8.2,8.0,8.8,10.0,8.9,2.2,2.6,6.7,4.0,8.1,10.0,5.6,3.0,8.9,9.9,6.3,7.9,8.4,7.4,7.3,7.35
31,Gambia,3786.0,123.0,1566.622,50.897,0.8823357664233581,65.6112454212454,17.5,2.339,1.4169999999999998,10.1,331.43,1.91,0.6999999999999975,31.199999999999914,1.1000000000000003,62.05,0.4599999999999973,30.62,6.93147181,30.62,5,1870000000.0,985831536,773.7927,2416.668,10689,226.0893,1.0294,26.75,Gambia,Sub-Saharan Africa,5.94,4.0,3.233333333333334,4.872222222222222,4.044444444444444,4.5,6.3,10.0,10.0,5.0,10.0,10.0,9.0,2.5,0.0,1.3,5.5,5.0,5.0,2.5,4.2,7.5,8.7,6.5,7.6,6.583333333333333,5.416666666666667,6.083333333333333,6.25,7.25,6.316666666666666,10.0,10.0,0.3,1.3,8.392857142857142,7.5,7.5,5.4,6.230769230769231,0.0,0.0,0.0,0.0,0.0,4.64,8.3,9.6,4.0,8.0,8.0,8.0,6.2,7.2,4.8,4.9,5.6,3.3,5.8,5.1,6.3,7.3,6.9,1.0,5.4,9.0,9.5,8.4,10.0,9.2,5.2,7.6,7.0,6.6,5.3,4.8,5.0,8.9,7.0,7.7,10.0,8.2,7.2,10.0,2.5,9.0,7.2,10.0,4.6,7.1,10.0,5.5,10.0,7.9,5.7,3.3,7.9,5.0,8.6,6.3,6.1,7.1,7.23
32,Georgia,198387.0,1922.0,49731.335,481.804,1.188473895582329,67.8211301369864,38.70000000000012,14.864,10.244000000000002,4.2,496.218,7.11,5.299999999999971,55.5,2.6000000000000143,73.77,0.780000000000001,26.8,34.339872,28.59,0,18888000000.0,14332728707,4734.8231,3989.167,69700,57.2334,0.9981,305.25,Georgia,Caucasus & Central Asia,7.74,1.0,5.6,5.4,5.1,5.4,9.6,10.0,10.0,5.0,10.0,9.7,8.9,10.0,7.5,8.8,9.1,0.0,10.0,10.0,6.7,7.5,8.1,5.9,7.2,10.0,7.5,7.5,7.5,10.0,8.5,10.0,10.0,5.7,4.8,10.0,10.0,10.0,8.6,7.0,10.0,10.0,10.0,7.5,8.2,7.53,5.4,6.9,8.0,10.0,10.0,10.0,7.6,7.6,4.3,4.1,6.2,5.3,5.533333333333334,6.8,10.0,7.0,7.0,1.0,6.3,7.9,8.9,8.8,10.0,8.9,9.9,9.7,8.3,9.3,6.5,9.6,8.0,10.0,6.4,6.9,9.5,7.6,8.7,10.0,9.6,10.0,9.9,6.7,5.8,7.2,8.0,9.3,3.0,6.6,6.1,8.4,9.9,5.6,9.9,7.5,7.9,8.1,7.94
33,Germany,1423830.0,24273.0,16994.067,289.709,1.216582733812949,54.515913312693684,46.600000000000236,21.453000000000007,15.957,0.0,156.139,8.31,28.19999999999996,33.1000000000002,8.0,81.33,0.936000000000001,10.34,19.459101500000003,12.16,2,4157120000000.0,3477796274497,49617.145,83783.942,357114,234.614,1.0032,4892.875,Germany,Western Europe,8.53,1.0,8.6,8.5,7.7,8.3,9.6,10.0,10.0,10.0,10.0,10.0,10.0,10.0,10.0,10.0,9.9,10.0,10.0,10.0,10.0,10.0,7.3,5.8,7.7,10.0,10.0,10.0,10.0,10.0,10.0,10.0,10.0,8.0,7.5,10.0,10.0,10.0,9.4,10.0,10.0,10.0,10.0,10.0,10.0,9.25,3.9,3.1,10.0,5.0,5.0,5.0,8.9,6.2,7.4,7.0,7.6,10.0,8.3,5.8,6.8,7.2,6.6,1.0,7.4,8.3,9.9,9.7,10.0,9.5,9.0,9.0,6.7,8.2,6.8,9.2,8.0,10.0,6.9,3.1,7.7,5.9,8.0,5.0,10.0,10.0,8.3,8.9,6.2,5.8,8.0,6.3,10.0,7.5,6.3,9.3,9.6,7.1,8.9,7.6,8.1,8.0,7.82
34,Ghana,53386.0,327.0,1718.086,10.524,1.1713043478260892,52.69171003717474,21.100000000000065,3.385,1.948,12.0,298.245,4.97,0.29999999999999843,7.700000000000022,0.9000000000000039,64.07,0.5920000000000021,16.08,47.004803700000004,22.26,-3,72264000000.0,42793869465,2325.6248,31072.94,238533,130.2668,1.0215,85.125,Ghana,Sub-Saharan Africa,6.94,2.0,5.1,6.2,5.1,5.7,9.2,10.0,10.0,7.5,10.0,10.0,9.5,9.6,2.5,6.1,8.2,10.0,10.0,10.0,10.0,7.5,8.8,8.0,8.1,7.5,7.5,7.5,7.5,7.5,7.5,10.0,10.0,7.0,6.8,10.0,7.5,10.0,8.8,6.230769230769231,0.0,10.0,5.0,2.5,3.8,7.3,8.5,9.6,6.0,9.0,5.0,7.0,8.9,8.0,5.9,5.4,5.6,5.0,4.2,3.7,7.1,6.2,5.6,0.9,5.2,7.2,8.8,7.5,0.0,5.9,7.3,7.6,7.0,7.3,5.6,4.0,4.8,10.0,6.4,3.8,2.5,4.3,6.6,8.0,7.2,10.0,8.4,10.0,5.8,6.0,8.0,0.0,10.0,6.6,4.7,5.8,9.4,3.5,8.1,7.5,6.5,7.2,6.58
35,Greece,127557.0,3870.0,12237.966,371.292,1.1422180451127817,60.421575342465744,45.29999999999979,20.396,14.524,1.5,175.695,4.55,35.299999999999926,52.0,4.210000000000018,82.24,0.870000000000003,28.8,0.0,28.8,0,230500000000.0,192690813127,22114.4398,10423.054,131990,78.9685,0.9952,1867.0,Greece,Eastern Europe,7.33,2.0,6.4,5.7,5.3,5.8,9.7,10.0,10.0,5.0,10.0,9.9,9.0,10.0,5.0,7.5,8.7,10.0,10.0,10.0,10.0,10.0,7.6,4.4,7.3,10.0,10.0,10.0,10.0,10.0,10.0,10.0,10.0,5.7,5.5,10.0,10.0,10.0,8.7,10.0,10.0,10.0,10.0,5.0,8.3,8.07,5.2,4.0,4.0,4.0,0.0,2.0,6.8,4.4,4.5,2.2,4.8,8.3,7.5,4.1,8.0,5.5,6.6,1.0,5.7,7.6,9.5,9.8,5.0,8.0,9.0,9.0,6.7,8.2,6.5,9.4,8.0,10.0,5.0,0.8,7.7,4.5,7.7,10.0,10.0,10.0,10.0,5.6,4.2,5.7,6.0,5.5,3.0,5.0,2.2,6.7,9.6,3.9,8.9,7.8,6.5,7.2,6.59
36,Haiti,9597.0,234.0,841.655,20.522,1.019672897196262,57.86299999999986,24.300000000000114,4.8,2.954,23.5,430.548,6.65,2.899999999999986,23.10000000000009,0.6999999999999976,64.0,0.4980000000000012,26.42,45.3259949,30.2,-21,9648000000.0,7647347306,846.1282,11402.528,27750,410.9019,1.0124,64.125,Haiti,Latin America & the Caribbean,6.71,3.0,5.004761904761905,4.909523809523811,3.7333333333333334,3.4,6.2,10.0,10.0,5.0,10.0,10.0,9.0,10.0,7.5,8.8,8.0,10.0,10.0,2.5,7.5,10.0,8.9,6.3,8.4,10.0,10.0,10.0,10.0,10.0,10.0,10.0,10.0,4.3,5.8,10.0,7.5,10.0,8.2,0.0,10.0,10.0,10.0,10.0,6.7,6.93,9.1,9.9,7.0,8.0,5.571428571428571,8.0,8.5,8.5,2.2,2.5,2.7,0.0,2.5,3.9,2.8,3.4,3.6,0.9,2.5,7.9,8.3,7.1,5.0,7.1,8.380952380952381,8.2,5.8,7.0,4.9,7.3,6.1,10.0,4.2,6.2,10.0,6.8,7.5,8.0,7.5,9.0,8.2,6.7,4.7,6.3,10.0,10.0,10.0,7.9,2.7,0.2,4.7,2.0,9.3,7.9,4.5,6.9,6.49
37,Hungary,288567.0,7381.0,29871.278,764.051,1.1853100775193792,57.113487544483746,43.39999999999977,18.577,11.976,0.5,278.296,7.55,26.800000000000125,34.79999999999997,7.019999999999985,76.88,0.8379999999999956,30.84,0.0,30.84,-2,177734000000.0,125816640421,18398.2963,9660.351,93028,103.8435,0.9975,971.375,Hungary,Eastern Europe,7.65,2.0,6.6,5.0,4.7,5.4,9.0,10.0,10.0,7.5,10.0,10.0,9.5,10.0,5.0,7.5,8.7,10.0,10.0,10.0,10.0,7.5,8.0,6.4,7.3,10.0,7.5,10.0,10.0,7.5,9.0,10.0,10.0,6.0,5.8,10.0,10.0,10.0,8.8,10.0,10.0,10.0,10.0,10.0,10.0,8.04,3.3,5.7,6.0,10.0,4.0,7.0,5.0,5.4,3.5,2.8,4.3,10.0,6.7,5.0,8.0,5.8,7.6,1.0,6.0,9.9,9.5,9.5,10.0,9.7,9.0,9.0,6.7,8.2,5.4,10.0,7.7,10.0,6.3,3.8,7.7,6.0,8.0,8.0,9.1,9.0,8.7,7.2,5.6,6.4,4.0,7.8,10.0,6.8,3.3,6.9,9.6,3.4,7.8,6.9,6.3,7.3,7.27
38,Iceland,5578.0,28.0,16345.788,82.051,0.9773782771535576,44.26855670103107,37.299999999999905,14.431,9.207,0.2,117.992,5.31,14.300000000000074,15.19999999999992,2.909999999999993,82.99,0.935000000000002,15.12,0.0,15.12,-1,26821000000.0,20269659972,78597.9493,341.243,103000,3.313,1.0065,4394.75,Iceland,Western Europe,8.41,1.0,8.553846153846154,7.63076923076923,7.43846153846154,7.8,9.6,10.0,10.0,10.0,10.0,10.0,10.0,10.0,10.0,10.0,9.9,10.0,10.0,10.0,10.0,10.0,9.6,4.8,8.1,10.0,10.0,10.0,10.0,10.0,10.0,10.0,10.0,8.7,8.8,10.0,10.0,10.0,9.6,7.0,10.0,10.0,10.0,10.0,9.0,9.08,2.5,8.0,8.0,4.0,3.0,3.5,7.1,5.8,7.8,6.8,8.1,10.0,10.0,6.8,8.8,9.0,8.2,1.0,8.4,9.3,9.2,9.6,10.0,9.5,9.9,9.2,2.0,7.0,5.3,8.8,7.0,10.0,4.4,3.1,7.7,5.1,7.3,2.0,10.0,10.0,7.3,5.6,7.3,4.9,8.0,10.0,10.0,7.6,5.2,8.2,9.6,7.5,9.5,8.4,8.1,7.7,7.74
39,India,9956557.0,144451.0,7214.873,104.674,1.2286415094339609,68.80303921568617,28.199999999999953,5.989,3.414,21.2,282.28,10.39,1.8999999999999888,20.6000000000001,0.5300000000000009,69.66,0.6399999999999951,45.18,31.354942200000004,45.33,-2,3257720000000.0,2259642382872,2360.6592,1380004.385,3287590,419.7617,1.0099,55.625,India,South Asia,6.64,3.0,4.0,4.2,4.2,4.3,8.7,5.0,9.8,5.0,9.9,9.9,7.9,10.0,5.0,7.5,8.0,5.0,5.0,10.0,6.7,5.0,5.5,5.9,5.5,7.5,7.5,10.0,5.0,5.0,7.0,9.9,10.0,6.3,4.5,10.0,7.5,7.5,8.0,7.0,0.0,10.0,5.0,5.0,5.7,6.37,7.0,9.0,10.0,8.0,8.0,8.0,7.1,8.2,5.8,5.8,6.0,6.7,7.5,3.1,5.9,6.0,5.6,0.8,5.2,9.7,9.3,9.5,5.0,8.4,7.9,7.2,3.3,6.1,5.9,6.4,6.1,10.0,5.8,0.0,0.3,2.1,6.1,2.0,7.6,10.0,6.5,7.2,6.0,5.9,5.0,6.3,10.0,6.7,5.7,3.8,9.3,5.6,9.4,6.9,6.8,6.7,6.91
40,Indonesia,636154.0,19248.0,2325.774,70.37100000000002,1.1626515151515164,61.399071428571254,29.30000000000009,5.319,3.053,5.7,342.8640000000001,6.32,2.7999999999999883,76.09999999999981,1.0400000000000011,71.72,0.6939999999999971,36.82,17.9175947,36.82,5,1208860000000.0,932259177621,4419.5818,273523.615,1904569,143.6144,1.0107,106.0,Indonesia,South Asia,6.83,2.0,2.1,4.5,3.5,4.1,9.8,10.0,10.0,7.5,10.0,10.0,9.5,10.0,0.0,5.0,8.1,10.0,5.0,7.5,7.5,2.5,6.2,2.8,3.9,10.0,10.0,5.0,2.5,7.5,7.0,10.0,10.0,4.7,5.5,7.5,10.0,5.0,7.5,10.0,5.0,5.0,5.0,7.5,7.5,6.38,7.7,9.7,10.0,8.0,7.0,7.5,6.7,8.3,5.6,5.0,6.2,4.2,4.2,3.3,6.7,5.6,5.3,0.9,4.9,9.9,9.6,9.2,10.0,9.7,9.5,8.4,5.8,7.9,5.5,3.9,4.7,10.0,5.7,1.5,8.3,5.2,6.9,5.0,9.6,10.0,8.2,1.1,5.8,6.2,10.0,0.0,5.0,4.7,5.2,4.7,9.3,4.8,7.5,7.7,6.5,6.5,7.27
41,Iran,1131077.0,52883.0,13466.332,629.612,1.1835106382978726,54.344385382059706,32.39999999999981,5.44,3.182,0.2,270.308,9.59,0.8000000000000043,21.10000000000009,1.5,76.68,0.7980000000000015,64.41,66.4118217,64.81,-3,495694000000.0,425402616011,5901.6144,83992.949,1648195,50.9606,1.013,448.25,Iran,Middle East & North Africa,5.1,4.0,2.1,5.2,4.5,4.4,9.0,5.0,9.9,2.5,9.8,9.8,7.4,10.0,0.0,5.0,7.1,0.0,0.0,0.0,0.0,2.5,6.9,3.4,4.3,2.5,5.0,5.0,2.5,5.0,4.0,10.0,9.5,0.0,1.0,7.5,5.0,5.0,5.4,7.0,0.0,0.0,0.0,0.0,2.3,4.48,5.3,8.0,4.0,7.0,7.0,7.0,3.0,5.5,4.3,3.6,4.8,7.5,6.7,5.5,7.5,5.6,5.7,0.6,4.6,8.4,3.7,10.0,10.0,8.0,7.5,4.7,0.0,4.1,4.9,4.4,4.7,9.3,3.8,0.8,0.4,1.7,4.9,0.0,9.2,10.0,6.4,7.8,4.5,5.3,8.0,2.5,1.0,4.8,3.6,1.3,7.7,4.3,8.8,7.6,5.5,5.6,5.72
42,Ireland,77197.0,2140.0,15633.898,433.392,1.1095094339622642,66.34927586206878,38.70000000000011,13.928,8.677999999999999,0.2,126.459,3.28,23.0,25.699999999999882,2.9600000000000097,82.3,0.9379999999999946,12.6,0.0,12.6,2,405185000000.0,304819019837,82058.0317,4937.786,70273,70.2658,1.0113,5114.5,Ireland,Western Europe,8.52,1.0,8.553846153846154,7.63076923076923,7.43846153846154,7.5,9.6,10.0,10.0,7.5,10.0,10.0,9.5,10.0,10.0,10.0,9.7,10.0,10.0,10.0,10.0,10.0,8.6,8.7,9.1,10.0,10.0,7.5,5.0,5.0,7.5,10.0,10.0,8.0,8.5,10.0,10.0,10.0,9.5,10.0,10.0,10.0,10.0,10.0,10.0,8.9,3.7,7.3,10.0,5.0,2.0,3.5,9.1,6.7,8.6,5.2,8.2,10.0,10.0,3.9,7.3,7.9,6.6,1.0,7.5,8.8,9.2,9.9,10.0,9.5,9.0,9.0,6.7,8.2,6.6,9.1,7.8,10.0,8.0,7.7,8.9,8.2,8.6,8.0,9.9,10.0,9.3,8.9,5.0,7.1,10.0,6.4,10.0,7.9,5.0,8.0,9.8,7.3,8.5,9.1,7.9,8.4,8.13
43,Israel,365042.0,3034.0,42174.371,350.527,1.1502255639097754,61.77080246913592,30.600000000000186,11.733,7.359,0.5,93.32,6.74,15.399999999999983,35.39999999999978,2.990000000000008,82.97,0.903,27.73,43.040650899999996,30.84,0,403961000000.0,317747579750,46670.8297,8655.535,20770,416.7325,1.016,2634.75,Israel,Middle East & North Africa,7.61,2.0,3.025,5.174999999999999,4.6625000000000005,6.8,9.5,10.0,10.0,5.0,9.9,9.7,8.9,10.0,7.5,8.8,9.0,5.0,5.0,10.0,6.7,7.5,6.5,3.8,5.9,10.0,10.0,10.0,10.0,10.0,10.0,10.0,5.4,7.3,6.5,10.0,10.0,10.0,8.5,7.0,10.0,10.0,10.0,2.5,6.3,7.7,3.2,6.6,10.0,5.0,5.0,5.0,7.6,6.5,8.2,5.6,7.5,4.2,8.3,3.5,6.9,6.9,6.7,0.9,6.2,8.0,9.6,10.0,10.0,9.4,9.7,9.2,6.8,8.6,6.0,7.3,6.6,10.0,7.0,6.2,9.8,7.7,8.2,10.0,8.7,10.0,9.6,8.9,5.8,7.1,8.0,2.5,0.0,5.4,4.5,8.2,9.6,6.1,7.5,7.3,7.2,7.4,7.53
44,Italy,1888144.0,66537.0,31228.695,1100.479,1.2009122807017545,62.620031446540814,47.89999999999975,23.021,16.24,2.0,113.151,4.78,19.80000000000011,27.800000000000058,3.179999999999978,83.51,0.8799999999999969,23.69,6.93147181,23.69,2,2090450000000.0,1858913163928,34574.7083,60461.826,301336,200.6459,0.9985,3050.0,Italy,Western Europe,8.04,1.0,7.5,5.6,6.4,6.5,9.7,10.0,10.0,10.0,10.0,10.0,10.0,10.0,10.0,10.0,9.9,10.0,10.0,10.0,10.0,10.0,7.8,6.3,8.0,10.0,10.0,10.0,7.5,10.0,9.5,10.0,10.0,6.0,7.5,10.0,10.0,10.0,9.1,7.0,10.0,10.0,10.0,10.0,9.0,8.67,4.9,3.5,10.0,4.0,1.0,2.5,9.6,6.1,5.1,2.0,5.4,10.0,6.7,3.6,8.3,6.0,5.1,1.0,5.8,8.0,9.9,9.8,10.0,9.4,9.0,9.0,6.7,8.2,6.4,10.0,8.2,10.0,5.0,6.9,7.7,6.6,8.2,10.0,8.8,10.0,9.6,5.6,3.2,4.1,8.0,10.0,10.0,6.8,1.9,7.3,9.7,3.8,7.2,7.3,6.2,7.5,7.41
45,Jamaica,11907.0,276.0,4021.058,93.207,1.0836480686695271,73.26996415770608,31.39999999999984,9.684,6.39,1.7,206.537,11.28,5.299999999999972,28.600000000000147,1.6999999999999922,74.47,0.7319999999999994,10.51,0.0,10.51,2,16717000000.0,14056901075,5645.4094,2961.167,10991,269.4174,1.0044,266.125,Jamaica,Latin America & the Caribbean,7.2,2.0,5.8,5.4,5.0,5.4,0.0,10.0,10.0,7.5,10.0,10.0,9.5,10.0,10.0,10.0,6.5,10.0,10.0,10.0,10.0,10.0,9.4,8.5,9.3,10.0,10.0,10.0,7.5,10.0,9.5,10.0,10.0,9.0,7.8,10.0,10.0,10.0,9.5,0.0,0.0,10.0,5.0,7.5,4.2,7.23,7.5,8.4,7.0,8.0,5.0,6.5,8.0,7.5,6.4,4.1,5.9,10.0,3.3,3.3,6.4,4.5,2.9,1.0,5.1,5.4,9.4,9.1,10.0,8.5,1.3,8.3,5.5,5.0,6.5,5.7,6.1,10.0,7.0,1.5,10.0,6.2,6.8,10.0,9.7,9.0,9.6,8.9,5.0,7.2,10.0,6.5,10.0,7.9,3.7,5.6,9.9,4.0,8.6,7.0,6.4,8.0,7.17
46,Japan,187751.0,2623.0,1484.474,20.739,1.1367247386759585,34.7872560975609,48.20000000000029,27.049,18.493,0.2,79.37,5.72,11.199999999999935,33.70000000000009,13.05000000000008,84.63,0.9089999999999964,28.86,0.0,28.86,1,5495420000000.0,4936211827875,43450.1405,126476.461,377930,334.6558,0.997,4359.0,Japan,East Asia,8.28,1.0,7.7,7.9,7.4,7.6,9.9,10.0,10.0,10.0,10.0,10.0,10.0,10.0,10.0,10.0,10.0,10.0,10.0,10.0,10.0,5.0,9.3,10.0,8.1,10.0,10.0,7.5,5.0,5.0,7.5,10.0,10.0,8.3,6.0,10.0,10.0,10.0,9.2,7.0,10.0,10.0,10.0,7.5,8.2,8.7,4.1,4.2,8.0,3.0,3.0,3.0,9.4,5.7,8.4,6.5,8.4,8.3,8.3,6.3,7.8,8.6,7.4,1.0,7.6,8.6,9.5,9.9,10.0,9.5,9.6,9.2,4.1,7.7,6.1,8.9,7.5,10.0,7.2,8.5,7.1,7.6,8.2,8.0,8.1,10.0,8.7,8.9,3.9,8.0,8.0,10.0,10.0,8.1,4.6,9.3,9.6,7.4,8.1,8.5,7.9,8.3,7.86
47,Kazakhstan,188837.0,2613.0,10056.982,139.162,1.0934782608695643,79.02721014492762,30.600000000000158,6.9910000000000005,4.625,0.1,466.792,7.11,7.0,43.10000000000022,6.7000000000000295,73.6,0.8000000000000036,54.11,41.743872700000004,54.11,1,177322000000.0,135005203998,9443.7219,18776.707,2724900,6.8908,1.0121,316.125,Kazakhstan,Caucasus & Central Asia,6.9,2.0,3.4,5.6,4.1,4.5,8.0,10.0,10.0,5.0,10.0,10.0,9.0,10.0,10.0,10.0,9.0,10.0,5.0,10.0,8.3,2.5,8.5,5.6,5.5,5.0,5.0,2.5,2.5,5.0,4.0,10.0,8.9,0.7,1.5,7.5,7.5,7.5,6.2,7.0,10.0,10.0,10.0,10.0,9.0,6.69,6.7,8.6,6.0,10.0,8.0,9.0,4.8,7.0,4.5,4.2,5.2,8.3,5.8,6.3,9.9,5.2,6.9,0.7,5.3,8.8,8.2,8.5,10.0,8.9,7.0,8.7,7.3,7.7,5.8,5.8,5.8,10.0,5.1,2.3,1.7,3.0,6.6,8.0,8.8,10.0,8.9,10.0,5.1,6.1,10.0,9.3,3.0,7.2,4.4,6.0,9.8,4.0,9.3,8.0,6.9,7.7,7.1
48,Kenya,92853.0,1614.0,1726.813,30.016,1.1326829268292682,74.3904577464788,20.0,2.6860000000000004,1.528,36.8,218.637,2.92,1.1999999999999935,20.399999999999935,1.3999999999999944,66.7,0.5900000000000027,33.72,20.7944154,33.72,-3,109116000000.0,70525979046,2029.2611,53771.296,580367,92.6505,1.0228,67.875,Kenya,Sub-Saharan Africa,6.85,2.0,3.0,4.6,3.8,4.0,8.0,5.0,9.4,5.0,9.2,9.6,7.6,7.9,2.5,5.2,6.9,10.0,10.0,10.0,10.0,7.5,7.7,6.5,7.2,10.0,7.5,5.0,5.0,7.5,7.0,10.0,10.0,4.3,4.0,10.0,10.0,10.0,8.3,10.0,0.0,10.0,5.0,5.0,6.7,6.65,7.6,8.9,6.0,8.0,8.0,8.0,6.7,7.4,5.5,4.8,6.0,5.8,5.0,4.4,7.1,5.2,3.5,1.0,5.2,9.1,9.4,8.4,10.0,9.2,7.5,7.4,5.2,6.7,5.4,5.7,5.5,10.0,6.1,3.8,3.8,4.6,6.7,10.0,0.0,10.0,6.7,6.7,5.5,6.4,8.0,6.3,10.0,7.2,5.0,3.8,9.0,3.6,8.3,8.0,6.3,6.7,7.05
49,"Korea, South",46453.0,634.0,906.061,12.366,1.1234375000000003,49.47231003039507,43.399999999999764,13.914,8.622,0.2,85.99799999999998,6.8,6.2000000000000295,40.89999999999977,12.269999999999984,83.03,0.9030000000000004,23.7,0.0,23.7,-1,1744360000000.0,1411245589977,34023.5563,51269.185,100210,511.6175,1.0009,1792.75,"Korea, South",East Asia,8.2,1.0,7.9,7.4,7.0,7.4,9.8,10.0,10.0,7.5,10.0,10.0,9.5,10.0,10.0,10.0,9.8,10.0,5.0,10.0,8.3,10.0,9.1,8.9,9.4,10.0,10.0,7.5,10.0,10.0,9.5,10.0,10.0,6.3,6.5,10.0,10.0,10.0,9.0,7.0,10.0,10.0,10.0,10.0,9.0,8.81,4.7,7.1,10.0,7.0,5.0,6.0,7.4,7.0,4.8,4.5,6.7,6.7,8.3,7.5,8.2,7.3,6.3,0.9,6.5,9.1,9.7,9.6,10.0,9.6,9.6,7.3,0.0,5.6,5.5,9.6,7.6,10.0,5.5,6.2,10.0,7.2,7.6,8.0,10.0,10.0,9.3,5.6,4.3,6.6,10.0,2.5,0.0,4.8,3.7,9.8,9.7,4.6,10.0,7.9,7.6,7.3,7.59
50,Kyrgyz Republic,78151.0,1317.0,11978.65,201.864,1.0864112903225809,72.82448148148151,26.300000000000118,4.489,2.882,1.4,436.362,7.11,3.600000000000016,50.5,4.5,71.45,0.6719999999999977,30.19,0.0,30.19,1,8781000000.0,6551291140,1345.9132,6524.195,199951,32.629,1.0169,84.375,Kyrgyz Republic,Caucasus & Central Asia,6.98,2.0,3.6,4.6,3.2,3.8,8.3,10.0,10.0,2.5,10.0,10.0,8.5,10.0,7.5,8.8,8.5,10.0,5.0,10.0,8.3,3.5,7.7,6.5,7.1,5.5,5.5,3.5,4.0,5.5,4.8,10.0,8.4,3.3,3.3,7.5,5.5,7.0,6.2,10.0,10.0,10.0,10.0,10.0,10.0,7.05,6.6,7.2,6.0,10.0,7.0,8.5,6.8,7.0,3.5,3.3,4.2,5.2,5.533333333333334,4.5,9.9,4.1,5.6,0.7,4.3,8.6,9.1,9.4,10.0,9.3,7.9,8.7,7.7,8.1,5.0,7.8,6.4,10.0,4.5,1.5,8.7,4.9,7.4,8.0,9.1,8.0,8.4,5.0,4.5,6.1,10.0,7.8,1.0,5.7,3.8,3.1,9.7,3.0,8.6,7.5,5.9,6.7,6.92
51,Latvia,27495.0,382.0,14576.912,202.523,1.1353281853281847,49.284149659864035,43.89999999999977,19.754,14.136,0.7,350.06,4.91,25.60000000000013,51.0,5.5699999999999905,75.29,0.8470000000000029,18.56,0.0,18.56,2,38102000000.0,27572698482,20200.4243,1886.198,64559,29.2167,0.9892,805.375,Latvia,Eastern Europe,8.29,1.0,5.675,5.768750000000001,5.00625,6.7,8.7,10.0,10.0,10.0,10.0,10.0,10.0,10.0,10.0,10.0,9.6,10.0,10.0,10.0,10.0,10.0,9.1,6.5,8.5,10.0,10.0,10.0,10.0,10.0,10.0,10.0,10.0,7.7,8.0,10.0,10.0,10.0,9.4,10.0,10.0,10.0,10.0,10.0,10.0,8.85,5.1,6.2,7.0,9.0,4.0,6.5,9.1,6.8,4.4,2.9,5.4,8.3,8.3,5.5,9.0,5.7,7.0,1.0,6.3,8.2,9.5,9.4,10.0,9.3,9.0,9.0,6.7,8.2,6.9,9.4,8.1,10.0,6.6,6.9,7.7,7.1,8.4,10.0,9.7,8.0,9.2,5.0,4.2,8.3,10.0,7.8,10.0,7.5,3.5,9.1,9.8,4.0,7.8,8.1,7.0,7.9,7.73
52,Lebanon,150933.0,1234.0,22113.293,180.794,1.1551893939393914,65.89647651006722,31.100000000000176,8.514,5.43,0.0,266.591,12.71,26.899999999999853,40.700000000000145,2.8999999999999853,78.93,0.7570000000000033,33.18,23.0258509,33.19,-1,60620000000.0,50457653265,8881.4722,6825.445,10452,653.0277,0.9956,684.5,Lebanon,Middle East & North Africa,6.74,3.0,2.9,4.7,3.7,4.3,8.4,5.0,6.2,2.5,9.1,8.4,6.2,10.0,2.5,6.3,7.0,10.0,10.0,10.0,10.0,7.5,7.9,6.0,7.2,10.0,10.0,7.5,7.5,10.0,9.0,10.0,10.0,3.3,4.8,10.0,10.0,10.0,8.3,7.0,0.0,10.0,5.0,0.0,2.5,6.52,8.2,8.0,10.0,10.0,8.0,9.0,6.5,8.4,3.4,2.9,5.3,3.3,6.7,3.2,7.3,4.3,4.5,0.7,3.8,9.8,9.4,9.1,10.0,9.6,9.1,8.8,5.0,7.6,5.0,3.1,4.1,10.0,5.0,1.5,9.3,5.3,6.8,10.0,0.0,10.0,6.7,5.6,4.9,6.5,8.0,10.0,10.0,7.5,3.2,0.4,9.0,2.4,6.4,8.0,4.9,6.4,6.97
53,Liberia,1773.0,83.0,350.556,16.410999999999998,0.9498237885462548,69.4274906367041,19.199999999999896,3.057,1.756,38.6,272.509,2.42,1.5,18.10000000000001,0.8000000000000036,64.1,0.4350000000000015,32.25,6.93147181,32.25,-2,3217000000.0,2756817825,636.0623,5057.681,111369,45.4137,1.0244,59.75,Liberia,Sub-Saharan Africa,6.35,3.0,2.5,4.3,3.1,3.8,8.7,10.0,10.0,7.5,10.0,10.0,9.5,5.0,5.0,5.0,7.7,5.0,10.0,10.0,8.3,7.5,9.4,9.0,9.2,6.583333333333334,5.416666666666667,6.083333333333333,6.25,7.25,6.3166666666666655,10.0,10.0,4.3,4.5,8.392857142857142,7.5,7.5,7.2,6.23076923076923,0.0,0.0,0.0,2.5,1.3,6.13,8.7,8.6,4.0,9.0,7.0,8.0,6.7,7.2,4.0,4.0,4.6,5.0,3.3,2.9,4.6,4.4,5.2,1.0,4.2,9.7,8.9,7.5,10.0,9.0,6.4,8.0,7.0,7.1,4.7,0.0,2.3,10.0,5.8,8.5,1.8,5.3,6.2,8.0,0.0,9.0,5.7,6.7,4.5,5.9,8.0,3.1,10.0,6.4,4.6,3.3,9.3,3.8,9.4,8.4,6.5,6.2,6.56
54,Lithuania,99869.0,907.0,36685.645,333.175,1.1524513618677046,51.689409722222145,43.5,19.002,13.778,0.7,342.9890000000001,3.67,21.30000000000011,38.0,6.5599999999999605,75.93,0.8580000000000028,21.19,0.0,21.19,2,57602000000.0,42773029835,21159.3993,2722.289,65300,41.689,0.9865,949.25,Lithuania,Eastern Europe,8.32,1.0,5.674999999999999,5.768750000000001,5.00625,6.8,8.2,10.0,10.0,10.0,10.0,10.0,10.0,10.0,10.0,10.0,9.4,10.0,10.0,10.0,10.0,10.0,9.0,6.4,8.5,10.0,10.0,10.0,10.0,10.0,10.0,10.0,10.0,8.0,8.5,10.0,10.0,10.0,9.5,10.0,10.0,10.0,10.0,7.5,9.2,8.76,5.7,6.4,8.0,10.0,4.0,7.0,9.8,7.4,5.4,3.8,5.7,8.3,6.7,6.2,9.7,6.5,6.8,1.0,6.6,8.2,9.4,9.3,10.0,9.2,9.0,9.0,6.7,8.2,5.7,9.8,7.7,10.0,5.8,6.9,7.7,6.8,8.2,10.0,10.0,9.0,9.7,8.3,4.0,8.3,8.0,8.5,3.0,6.7,3.4,10.0,9.8,4.9,9.7,8.9,7.8,8.0,7.88
55,Luxembourg,42845.0,421.0,68445.116,672.55,1.1559923664122136,49.061160409556216,39.70000000000013,14.312,9.842,0.2,128.275,4.42,20.89999999999992,26.0,4.509999999999994,82.25,0.9039999999999976,15.46,0.0,15.46,0,73693000000.0,58631324559,117724.5846,625.978,2586,242.0642,1.0166,6482.875,Luxembourg,Western Europe,8.56,1.0,8.553846153846155,7.63076923076923,7.43846153846154,8.0,9.9,10.0,10.0,9.84375,10.0,10.0,10.0,10.0,10.0,10.0,10.0,10.0,10.0,10.0,10.0,10.0,9.6,7.9,9.1,10.0,10.0,10.0,10.0,10.0,10.0,10.0,10.0,9.0,8.8,10.0,10.0,10.0,9.7,7.0,10.0,10.0,10.0,10.0,9.0,9.26,1.4,4.3,7.0,6.0,6.0,6.0,8.5,5.4,8.7,7.3,8.8,10.0,10.0,7.5,6.2,8.6,8.1,1.0,8.3,8.4,9.4,9.7,10.0,9.4,9.0,9.0,6.7,8.2,6.8,10.0,8.4,10.0,8.3,3.8,7.7,6.6,8.3,8.0,10.0,10.0,9.3,2.2,4.7,6.8,6.0,8.5,10.0,6.4,5.6,7.1,9.4,7.8,8.4,9.4,7.9,7.9,7.86
56,Malawi,6091.0,187.0,318.401,9.775,0.9941968911917086,57.28557692307678,18.099999999999994,2.979,1.783,71.4,227.349,3.94,4.399999999999997,24.69999999999989,1.3000000000000065,64.26,0.4770000000000011,29.32,6.93147181,29.32,-1,7861000000.0,5318197658,410.9263,19129.952,118484,161.456,1.0269,33.875,Malawi,Sub-Saharan Africa,6.6,3.0,4.4,5.4,4.3,4.9,9.3,10.0,10.0,7.5,10.0,10.0,9.5,10.0,5.0,7.5,8.8,10.0,10.0,2.5,7.5,7.5,9.4,7.6,8.5,6.583333333333334,5.416666666666668,6.083333333333333,6.25,7.25,6.3166666666666655,10.0,10.0,5.0,6.3,8.392857142857142,7.5,7.5,7.8,10.0,0.0,0.0,0.0,7.5,5.8,7.13,7.5,9.8,0.0,7.0,4.0,5.5,6.9,5.9,5.0,3.6,5.1,5.8,4.2,2.3,8.6,4.7,4.4,1.0,4.7,7.2,8.0,7.7,5.0,7.0,8.5,7.5,5.8,7.3,5.7,5.0,5.4,9.0,6.0,1.5,7.1,4.9,6.6,10.0,0.0,6.0,5.3,4.4,4.4,6.6,10.0,5.7,10.0,6.9,4.4,3.1,8.4,2.8,8.4,8.0,5.9,6.0,6.06
57,Malaysia,87913.0,429.0,2716.215,13.255,1.1622962962962962,56.505434083601216,29.89999999999981,6.292999999999998,3.407,0.1,260.942,16.74,1.0,42.39999999999976,1.8999999999999884,76.16,0.8019999999999983,33.12,0.0,33.12,22,401985000000.0,296531469473,12419.9781,32365.999,330803,97.8407,1.013,367.75,Malaysia,South Asia,6.52,3.0,3.3,5.6,5.5,5.4,9.2,5.0,10.0,10.0,10.0,10.0,9.0,10.0,5.0,7.5,8.5,0.0,5.0,10.0,5.0,2.5,6.9,2.4,3.9,7.5,2.5,2.5,2.5,5.0,4.0,10.0,10.0,1.3,3.8,7.5,7.5,7.5,6.8,7.0,0.0,0.0,0.0,0.0,2.3,5.7,6.5,8.9,4.0,9.0,9.0,9.0,3.9,6.4,6.4,6.6,7.5,8.3,6.7,5.0,8.6,7.5,6.3,0.6,5.6,4.4,9.3,9.2,10.0,8.2,9.8,8.9,4.6,7.8,6.6,8.5,7.6,10.0,6.7,0.8,10.0,5.8,7.8,10.0,8.9,10.0,9.6,10.0,6.5,7.5,10.0,4.2,10.0,8.0,6.5,10.0,9.4,6.0,10.0,7.9,8.3,8.7,7.34
58,Mali,5969.0,209.0,294.753,10.321,1.0791525423728818,51.45769841269811,16.400000000000034,2.519,1.486,49.7,268.024,2.42,1.6000000000000063,23.0,0.1000000000000004,59.31,0.4270000000000028,34.12,0.0,34.12,4,19332000000.0,14001696748,954.6274,20250.833,1240192,16.3288,1.0302,32.0,Mali,Sub-Saharan Africa,6.03,4.0,3.233333333333334,4.872222222222222,4.044444444444443,3.9,5.6,0.0,3.8,2.5,3.5,6.3,3.2,1.7,5.0,3.4,4.1,10.0,10.0,10.0,10.0,7.5,9.0,9.3,8.6,7.5,7.5,7.5,7.5,7.5,7.5,10.0,10.0,7.3,5.3,7.5,7.5,7.5,7.9,6.23076923076923,10.0,10.0,10.0,5.0,7.5,6.15,6.5,9.9,2.0,5.0,1.0,3.0,7.2,5.7,3.7,3.9,4.3,4.2,5.0,2.6,5.8,3.7,3.8,0.7,3.5,9.9,9.7,9.6,0.0,7.3,8.0,7.6,7.0,7.5,4.5,5.3,4.9,10.0,4.4,0.8,10.0,5.1,6.9,10.0,8.1,5.0,7.7,4.4,5.0,5.1,8.0,7.6,0.0,5.0,4.1,3.3,9.0,2.9,8.9,7.0,5.9,6.2,5.91
59,Malta,11415.0,180.0,25852.756,407.665,0.9604687499999996,50.434888888889006,42.39999999999977,19.426,11.324000000000002,0.2,168.71099999999996,8.83,20.899999999999906,30.199999999999992,4.484999999999982,82.53,0.8779999999999925,30.16,0.0,30.16,-4,16338000000.0,10998577038,37002.0587,441.543,316,1397.288,1.0027,2167.5,Malta,Western Europe,8.37,1.0,8.553846153846154,7.63076923076923,7.43846153846154,7.0,9.6,10.0,10.0,9.84375,9.3,10.0,9.8,10.0,10.0,10.0,9.8,10.0,10.0,10.0,10.0,10.0,9.1,6.2,8.4,10.0,10.0,10.0,10.0,10.0,10.0,0.0,10.0,8.3,7.8,10.0,10.0,10.0,8.0,10.0,10.0,10.0,10.0,7.5,9.2,8.77,4.3,7.0,10.0,7.0,7.0,7.0,7.870588235294116,7.1,5.5,4.6,6.9,10.0,8.3,5.4,5.3,5.9,7.5,1.0,6.5,8.6,9.9,9.7,10.0,9.5,9.0,9.0,6.7,8.2,7.0,9.4,8.2,10.0,7.1,6.9,7.7,7.3,8.4,10.0,10.0,10.0,10.0,7.2,5.1,7.8,8.0,10.0,10.0,8.0,4.6,6.9,9.4,4.6,8.1,8.4,7.0,8.3,7.97
60,Mauritius,524.0,10.0,412.025,7.862999999999999,0.3460557768924301,38.12490566037728,37.399999999999814,10.945,5.884,0.5,224.644,22.02,3.2000000000000135,40.700000000000095,3.3999999999999853,74.99,0.7899999999999984,28.0,0.0,28.0,2,15757000000.0,12216235024,12389.8384,1271.768,2040,623.4157,1.0017,482.125,Mauritius,Sub-Saharan Africa,7.52,2.0,3.233333333333334,4.872222222222222,4.044444444444443,6.3,9.3,10.0,10.0,10.0,10.0,10.0,10.0,10.0,5.0,7.5,8.9,5.0,5.0,2.5,4.2,7.5,9.2,7.4,8.0,10.0,7.5,10.0,7.5,10.0,9.0,10.0,10.0,8.0,7.5,10.0,10.0,10.0,9.4,6.23076923076923,0.0,0.0,0.0,2.5,1.3,6.98,6.8,8.5,7.0,10.0,8.0,9.0,9.0,8.0,6.7,5.7,6.7,9.0,4.835483870967743,5.3,9.5,6.0,6.8,1.0,6.9,8.8,9.7,9.3,10.0,9.4,9.8,9.9,8.8,9.5,6.2,8.5,7.4,10.0,6.5,4.6,10.0,7.0,8.5,8.0,7.5,10.0,8.5,6.7,5.6,6.2,10.0,0.0,10.0,6.4,4.4,8.9,9.8,4.8,9.3,8.3,7.6,7.5,8.07
61,Mexico,1277499.0,115769.0,9908.258,897.9019999999998,1.1871647509578531,56.64951149425269,29.299999999999947,6.857,4.3210000000000015,2.5,152.783,13.06,6.9000000000000465,21.39999999999987,1.3799999999999963,75.05,0.7740000000000008,41.36,61.820849100000004,45.45,1,1297750000000.0,1076914464477,10065.3245,128932.753,1964375,65.6355,1.0106,551.0,Mexico,Latin America & the Caribbean,6.65,3.0,4.1,4.0,3.0,3.9,0.1,0.0,10.0,7.5,9.9,10.0,7.5,10.0,7.5,8.8,5.4,10.0,10.0,10.0,10.0,7.5,7.4,7.8,7.6,10.0,10.0,7.5,7.5,7.5,8.5,7.7,10.0,3.7,2.3,10.0,10.0,10.0,7.7,10.0,10.0,10.0,10.0,0.0,6.7,6.38,7.3,6.4,10.0,8.0,8.0,8.0,7.9,7.9,3.1,3.0,5.0,5.0,2.5,6.1,7.6,2.4,2.8,1.0,4.2,8.5,9.3,8.8,5.0,7.9,9.8,8.6,5.9,8.1,5.9,8.5,7.2,10.0,7.0,1.5,7.3,5.3,7.6,8.0,9.4,10.0,9.1,6.7,4.0,6.9,8.0,4.8,3.0,5.6,2.8,6.9,9.6,2.6,9.4,7.3,6.4,7.0,6.93
62,Moldova,130329.0,2650.0,32307.931,656.922,1.136875000000001,63.963238434163685,37.60000000000021,10.864,6.955,0.2,408.502,5.72,5.900000000000025,44.60000000000022,5.799999999999971,71.9,0.6999999999999973,31.16,23.0258509,31.16,0,12793000000.0,6772647958,3171.3231,4033.963,33846,119.1858,0.9977,206.0,Moldova,Eastern Europe,6.93,2.0,5.1,4.7,3.6,4.5,8.7,10.0,10.0,5.0,10.0,10.0,9.0,10.0,10.0,10.0,9.2,10.0,5.0,10.0,8.3,5.0,7.7,5.5,6.0,7.5,7.5,5.0,5.0,5.0,6.0,10.0,10.0,4.3,4.8,7.5,7.5,7.5,7.4,10.0,10.0,10.0,10.0,10.0,10.0,7.2,7.3,6.8,6.0,10.0,4.0,7.0,4.8,6.4,2.0,2.5,4.1,6.7,6.7,4.3,9.5,4.2,6.2,0.7,4.3,9.7,9.2,8.7,5.0,8.1,9.4,8.9,7.8,8.7,5.5,8.8,7.1,10.0,4.8,0.8,6.5,4.0,7.5,10.0,8.6,10.0,9.5,4.4,4.1,6.0,6.0,6.8,3.0,5.1,3.3,7.1,9.8,2.6,6.4,8.0,6.2,6.9,6.66
63,Mongolia,923.0,0.0,281.5490000000001,0.0,0.5598514851485148,62.113607142857205,28.600000000000147,4.0310000000000015,2.421,0.5,460.043,4.82,5.5,46.5,7.0,69.87,0.7410000000000052,29.61,0.0,29.61,-3,14960000000.0,11160356685,4563.3547,3278.29,1564110,2.0959,1.0165,154.25,Mongolia,East Asia,7.61,2.0,4.8,5.3,5.0,5.3,7.5,10.0,10.0,10.0,10.0,10.0,10.0,10.0,10.0,10.0,9.2,10.0,5.0,10.0,8.3,10.0,9.0,6.7,8.6,10.0,10.0,10.0,2.5,10.0,8.5,10.0,10.0,5.7,7.0,10.0,10.0,5.0,8.2,7.0,10.0,10.0,10.0,7.5,8.2,7.79,5.8,7.6,10.0,10.0,8.0,9.0,6.9,7.9,3.1,3.6,4.4,8.3,6.7,6.3,9.1,5.3,6.7,1.0,5.8,8.7,8.5,9.2,10.0,9.1,8.8,9.0,9.1,8.9,5.0,2.6,3.8,10.0,4.6,5.4,2.5,4.2,6.7,6.0,8.9,10.0,9.4,10.0,4.5,8.1,6.0,9.3,3.0,6.8,3.5,6.7,9.6,2.9,8.7,8.5,6.7,7.6,7.43
64,Morocco,406970.0,6749.0,11025.843,182.847,1.1720622568093388,65.80134426229516,29.600000000000172,6.769,4.209,1.0,419.146,7.14,0.8000000000000045,47.100000000000236,1.100000000000003,76.68,0.6670000000000014,40.75,50.937502,42.88,2,129056000000.0,103606574896,3496.452,36910.56,446550,82.6572,1.012,165.75,Morocco,Middle East & North Africa,6.18,4.0,2.1,5.4,3.7,4.2,9.2,10.0,10.0,5.0,10.0,10.0,9.0,10.0,0.0,5.0,7.7,10.0,10.0,7.5,9.2,2.5,8.1,2.7,4.4,7.5,2.5,2.5,5.0,7.5,5.0,10.0,8.9,2.3,3.8,10.0,7.5,7.5,7.1,7.0,0.0,0.0,0.0,2.5,1.3,5.68,4.5,7.3,8.0,5.0,3.0,4.0,7.3,6.2,4.7,4.6,6.4,6.7,6.7,5.0,7.5,7.6,6.9,0.8,5.6,9.6,9.7,9.8,0.0,7.3,9.3,7.7,3.5,6.8,5.2,7.8,6.5,10.0,6.7,0.8,7.4,5.0,7.1,8.0,8.4,10.0,8.8,1.1,3.9,7.4,8.0,5.3,10.0,5.9,4.9,5.8,9.7,4.3,9.5,8.3,7.1,7.3,6.69
65,Mozambique,17143.0,145.0,548.481,4.6389999999999985,1.0905797101449275,62.13690566037753,17.69999999999991,3.158,1.87,62.9,329.94199999999995,3.3,5.099999999999988,29.10000000000014,0.6999999999999977,60.85,0.4369999999999984,33.79,6.93147181,33.79,-1,16294000000.0,10930131568,521.3173,31255.435,801590,38.9918,1.0293,26.75,Mozambique,Sub-Saharan Africa,6.24,3.0,3.233333333333334,4.872222222222222,4.0444444444444425,3.6,8.6,10.0,10.0,5.0,9.8,9.9,8.9,10.0,7.5,8.8,8.8,10.0,10.0,10.0,10.0,5.0,9.3,9.4,7.9,5.0,2.5,0.0,2.5,2.5,2.5,10.0,10.0,6.0,4.8,7.5,7.5,7.5,7.6,10.0,10.0,10.0,10.0,10.0,10.0,6.89,3.8,9.5,2.0,7.0,5.0,6.0,5.8,5.4,2.9,2.8,4.3,6.7,5.0,1.8,7.5,3.0,4.0,1.0,4.1,7.7,8.1,7.0,5.0,6.9,9.1,8.0,7.1,8.1,4.4,7.4,5.9,10.0,5.6,0.0,0.9,2.2,6.5,10.0,0.0,9.0,6.3,3.3,3.8,5.3,6.0,0.0,0.0,3.1,3.5,2.4,8.2,2.7,9.0,7.8,5.6,5.0,5.6
66,Myanmar,111900.0,2346.0,2056.615,43.117,1.0689956331877737,79.30128906250032,29.10000000000014,5.732,3.12,6.4,202.104,4.61,6.2999999999999705,35.199999999999974,0.9000000000000039,67.13,0.5780000000000022,44.77,34.339872,44.77,-1,71403000000.0,65697616068,1312.3187,54409.8,676578,80.4191,1.0067,41.375,Myanmar,South Asia,5.44,4.0,1.5,3.7,2.9,3.0,9.1,5.0,6.9,5.0,8.6,9.9,7.1,10.0,7.5,8.8,8.3,0.0,0.0,2.5,0.8,7.5,6.9,4.7,6.3,7.5,7.5,5.0,7.5,7.5,7.0,9.4,9.4,2.3,2.8,10.0,10.0,10.0,7.7,0.0,0.0,10.0,5.0,2.5,2.5,5.26,3.8,9.9,7.0,9.0,9.0,9.0,4.3,6.8,2.7,3.9,3.4,2.5,5.0,1.9,7.0,4.99375,3.9,0.9,3.6,8.1,9.5,9.1,0.0,6.7,9.2,8.7,7.3,8.4,5.581250000000001,0.9,0.9,10.0,3.9,0.8,0.0,1.5,5.2,0.0,8.0,10.0,6.0,7.8,5.053333333333332,6.393333333333334,8.0,4.0,0.0,4.9,4.459999999999999,5.3,9.3,2.2,9.4,6.8,6.6,5.9,5.63
67,Nepal,250916.0,1743.0,8611.65,59.82100000000001,1.1960189573459719,70.959197530864,25.0,5.809,3.212,15.0,260.797,7.26,9.5,37.79999999999984,0.2999999999999983,70.78,0.5740000000000031,35.1,10.9861229,35.1,-6,33035000000.0,20914004957,1133.7893,29136.808,147181,197.9658,1.0185,39.0,Nepal,South Asia,6.51,3.0,3.4,4.7,4.3,4.3,9.1,10.0,10.0,7.5,10.0,9.4,9.4,10.0,7.5,8.8,9.1,10.0,5.0,10.0,8.3,2.5,7.6,5.5,5.2,7.5,7.5,5.0,2.5,2.5,5.0,10.0,10.0,4.7,4.8,5.0,7.5,5.0,6.7,10.0,10.0,10.0,10.0,0.0,6.7,6.53,8.0,9.2,7.0,7.0,7.0,7.0,4.9,7.2,4.5,3.6,5.2,4.5,5.7666666666666675,3.4,8.3,5.3,5.3,0.8,4.5,8.7,9.3,9.3,0.0,6.8,5.0,7.6,5.5,6.0,5.5,6.2,5.9,10.0,3.9,0.0,10.0,4.6,6.6,8.0,10.0,10.0,9.3,6.7,3.6,5.5,10.0,2.6,10.0,6.4,3.7,5.1,9.2,2.9,9.0,6.0,6.0,7.2,6.49
68,Netherlands,650072.0,10333.0,37938.536,603.039,1.1682051282051278,55.94301418439728,43.20000000000019,18.779,11.880999999999998,0.0,109.361,5.29,24.39999999999988,27.30000000000013,3.3200000000000216,82.28,0.9310000000000032,9.96,0.0,9.96,-1,954931000000.0,777227541581,55730.2675,17134.872,41850,409.4354,1.0022,5186.375,Netherlands,Western Europe,8.5,1.0,8.9,8.7,8.0,8.5,9.7,10.0,10.0,10.0,10.0,10.0,10.0,10.0,10.0,10.0,9.9,10.0,10.0,10.0,10.0,10.0,8.4,8.2,8.9,10.0,10.0,10.0,10.0,10.0,10.0,10.0,10.0,9.3,8.8,10.0,10.0,10.0,9.7,7.0,10.0,10.0,10.0,7.5,8.2,9.28,1.3,3.8,8.0,2.0,2.0,2.0,6.6,4.3,9.0,7.2,8.6,10.0,10.0,5.1,7.9,8.4,6.8,1.0,8.1,8.2,9.8,9.7,10.0,9.4,9.0,9.0,6.7,8.2,7.1,10.0,8.5,10.0,7.4,8.5,7.7,7.9,8.7,5.0,10.0,10.0,8.3,6.7,5.7,5.2,10.0,7.5,10.0,7.5,5.6,9.6,9.8,8.1,8.3,8.7,8.3,8.1,7.72
69,Niger,2361.0,82.0,97.535,3.388,0.9220408163265308,29.904312267658078,15.099999999999936,2.553,1.378,44.5,238.33900000000003,2.42,0.10000000000000042,15.400000000000055,0.2999999999999985,62.42,0.3539999999999993,28.25,0.0,28.25,9,10628000000.0,7528285819,439.053,24206.644,1267000,19.1055,1.0384,25.0,Niger,Sub-Saharan Africa,5.87,4.0,3.233333333333334,4.872222222222223,4.0444444444444425,4.1,8.2,10.0,6.8,2.5,7.7,9.3,7.3,9.8,0.0,4.9,6.8,5.0,10.0,10.0,8.3,7.5,9.3,6.6,7.8,5.0,5.0,5.0,7.5,5.0,5.5,10.0,9.5,4.7,5.3,2.5,2.5,2.5,5.3,6.23076923076923,10.0,10.0,10.0,0.0,5.0,5.92,6.1,9.8,4.0,7.0,3.0,5.0,6.2,6.2,5.4,4.4,4.1,3.3,3.3,4.4,7.3,5.022222222222221,5.105555555555556,0.6,3.7,9.4,9.5,9.4,0.0,7.1,3.8,7.6,7.0,6.1,5.1,4.4,4.7,10.0,5.561111111111112,0.8,2.1,1.4,5.6,10.0,7.9,5.0,7.6,1.7,4.652777777777777,6.230555555555556,8.0,7.4,0.0,4.3,4.102777777777779,4.9,9.7,3.4694444444444446,9.4,7.0,7.7,6.5,5.83
70,Norway,42312.0,402.0,7804.854,74.153,1.1238095238095236,47.250235690235684,39.70000000000013,16.820999999999998,10.813,0.2,114.316,5.31,19.600000000000065,20.69999999999989,3.600000000000012,82.4,0.9529999999999998,7.84,0.0,7.84,0,438623000000.0,371068933176,80908.2275,5421.241,323802,16.7425,1.0079,8386.0,Norway,Western Europe,8.44,1.0,8.9,8.5,8.3,8.6,9.8,10.0,10.0,10.0,10.0,10.0,10.0,10.0,10.0,10.0,9.9,10.0,10.0,10.0,10.0,7.5,8.6,6.1,7.4,10.0,10.0,10.0,10.0,10.0,10.0,10.0,10.0,9.3,9.3,10.0,10.0,10.0,9.8,10.0,10.0,10.0,10.0,7.5,9.2,9.26,1.5,4.6,7.0,6.0,3.0,4.5,7.0,4.9,8.8,6.5,8.3,10.0,10.0,6.8,9.1,8.6,8.2,1.0,8.5,9.6,9.0,9.6,10.0,9.6,9.9,8.8,0.0,6.2,5.6,9.9,7.7,10.0,6.7,4.6,7.7,6.3,7.6,10.0,10.0,8.0,9.3,7.2,4.3,4.7,6.0,10.0,0.0,5.4,4.9,7.8,9.8,7.7,9.1,9.1,8.1,7.6,7.62
71,Pakistan,448522.0,9080.0,2030.501,41.106,1.1593939393939399,63.47706293706293,23.5,4.495,2.78,4.0,423.031,8.35,2.7999999999999874,36.700000000000074,0.5999999999999968,67.27,0.5620000000000015,41.28,62.480428700000004,45.52,-3,0.0,282506007859,1278.9308,220892.34,881912,250.4698,1.02,34.5,Pakistan,South Asia,5.69,4.0,1.9,3.7,3.8,3.5,8.3,0.0,9.0,2.5,8.2,7.9,5.5,10.0,0.0,5.0,6.3,10.0,0.0,2.5,4.2,2.5,6.0,3.7,4.0,7.5,7.5,10.0,10.0,10.0,9.0,9.5,9.9,3.7,2.5,10.0,7.5,7.5,7.2,10.0,0.0,10.0,5.0,2.5,5.8,5.47,8.2,9.2,4.0,8.0,8.0,8.0,5.7,7.0,4.5,4.3,4.6,2.5,5.0,3.7,6.4,4.2,3.6,0.7,3.6,8.6,8.9,9.2,0.0,6.7,7.9,7.6,5.9,7.1,4.9,3.3,4.1,10.0,4.9,0.8,0.8,2.2,5.8,8.0,6.3,10.0,8.1,1.1,4.9,5.2,6.0,2.6,10.0,5.0,4.4,5.3,9.4,3.7,6.6,6.7,6.0,6.4,5.91
72,Panama,199947.0,3439.0,46340.151,797.03,1.1423846153846149,77.82302491103222,29.69999999999989,7.917999999999998,5.03,2.2,128.346,8.33,2.3999999999999875,9.900000000000052,2.2999999999999967,78.51,0.7889999999999953,29.78,0.0,29.78,3,75494000000.0,55187800000,17496.6574,4314.767,75417,57.2121,1.0161,832.25,Panama,Latin America & the Caribbean,7.69,2.0,5.1,4.8,3.3,4.4,6.1,10.0,10.0,10.0,10.0,10.0,10.0,10.0,10.0,10.0,8.7,10.0,10.0,10.0,10.0,10.0,9.0,6.1,8.4,10.0,10.0,7.5,7.5,7.5,8.5,10.0,10.0,4.3,6.3,10.0,10.0,10.0,8.7,7.0,10.0,10.0,10.0,10.0,9.0,7.72,6.5,8.6,10.0,9.0,4.0,6.5,7.8,7.9,2.8,3.2,6.1,8.3,5.0,2.7,8.8,5.5,5.3,1.0,5.2,9.7,9.5,9.8,10.0,9.7,8.9,8.6,5.9,7.8,6.2,8.9,7.6,10.0,7.7,10.0,10.0,9.2,8.7,8.0,9.3,10.0,9.1,2.2,3.8,6.0,4.0,4.1,10.0,5.0,4.1,6.7,9.8,3.7,9.2,5.4,6.5,6.9,7.66
73,Paraguay,96209.0,2014.0,13488.762,282.368,1.1761728395061732,78.22199275362324,26.5,6.377999999999999,3.833,1.7,199.128,8.27,5.0,21.600000000000076,1.3000000000000067,74.25,0.7019999999999986,32.97,16.0943791,32.97,-1,45376000000.0,27165101909,6361.8308,7132.538,406752,17.5353,1.0125,337.0,Paraguay,Latin America & the Caribbean,6.9,2.0,5.004761904761904,4.909523809523811,3.733333333333334,4.1,6.4,10.0,10.0,5.0,9.8,10.0,9.0,10.0,5.0,7.5,7.6,10.0,10.0,10.0,10.0,7.5,9.6,7.5,8.2,7.5,10.0,5.0,7.5,7.5,7.5,5.1,10.0,4.7,4.0,10.0,10.0,10.0,7.7,0.0,10.0,10.0,10.0,5.0,5.0,6.78,7.5,8.8,8.0,10.0,7.0,8.5,8.7,8.3,1.7,2.4,4.7,2.5,3.3,4.1,8.5,2.9,4.7,1.0,3.9,9.5,9.0,9.3,10.0,9.4,9.0,8.0,6.8,8.0,5.5,6.0,5.7,10.0,6.2,3.8,6.7,5.6,7.3,8.0,9.8,9.0,8.9,4.4,3.8,6.9,6.0,2.6,1.0,4.1,4.0,4.7,8.5,2.5,8.9,5.8,5.7,6.2,7.03
74,Poland,1159901.0,23914.0,30647.425,631.866,1.1990566037735857,55.109861111110924,41.799999999999855,16.762999999999998,10.202,0.0,227.331,5.91,23.300000000000114,33.10000000000018,6.619999999999951,78.73,0.8650000000000033,28.65,0.0,28.65,-3,643274000000.0,471402266588,16996.8719,37846.611,312679,121.0398,0.9989,850.375,Poland,Eastern Europe,7.78,1.0,6.6,6.4,6.2,6.4,9.7,10.0,10.0,7.5,10.0,10.0,9.5,10.0,10.0,10.0,9.7,10.0,10.0,10.0,10.0,5.0,8.2,5.9,6.3,10.0,10.0,10.0,7.5,7.5,9.0,10.0,10.0,6.3,6.5,7.5,10.0,10.0,8.6,7.0,10.0,10.0,10.0,10.0,9.0,8.32,4.9,5.4,7.0,7.0,1.0,4.0,6.9,5.6,3.3,2.9,5.0,10.0,5.8,4.1,9.3,5.1,6.4,1.0,5.8,9.5,9.7,9.6,10.0,9.7,9.0,9.0,6.7,8.2,5.8,10.0,7.9,10.0,6.3,2.3,7.7,5.4,7.9,5.0,8.5,10.0,7.8,5.6,3.9,7.5,8.0,7.8,10.0,7.1,3.0,8.7,8.7,4.7,8.4,6.3,6.6,7.2,7.24
75,Portugal,358296.0,5815.0,35138.403,570.2819999999998,1.1807142857142856,65.94958762886613,46.200000000000216,21.502,14.924,0.5,127.842,9.85,16.30000000000009,30.0,3.389999999999988,82.05,0.8470000000000029,11.83,0.0,11.83,2,249912000000.0,204836597909,24509.0843,10196.709,92090,110.7255,0.9971,1965.25,Portugal,Western Europe,8.27,1.0,8.2,6.9,6.4,7.2,9.7,10.0,10.0,10.0,10.0,10.0,10.0,10.0,10.0,10.0,9.9,10.0,10.0,10.0,10.0,10.0,9.5,8.8,9.4,10.0,10.0,10.0,10.0,7.5,9.5,10.0,10.0,8.7,8.3,10.0,10.0,10.0,9.6,7.0,10.0,10.0,10.0,10.0,9.0,9.02,5.5,4.9,10.0,4.0,1.0,2.5,8.0,6.2,6.5,3.1,6.3,10.0,8.3,4.0,7.4,7.9,8.0,1.0,6.8,8.0,9.8,9.7,10.0,9.4,9.0,9.0,6.7,8.2,7.4,10.0,8.7,10.0,7.1,4.6,7.7,6.5,8.3,5.0,7.2,10.0,7.4,2.2,3.5,6.4,6.0,7.0,10.0,5.9,3.4,8.7,9.8,5.6,8.3,7.3,7.2,6.8,7.52
76,Qatar,141417.0,242.0,49085.059,83.99700000000001,1.0572388059701494,71.92325088339244,31.899999999999824,1.307,0.617,0.0,176.69,16.52,0.8000000000000039,26.89999999999986,1.1999999999999935,80.23,0.8559999999999963,42.51,0.0,42.51,-1,204008000000.0,152451923077,70810.2211,2881.053,11586,248.6668,1.0173,1699.875,Qatar,Middle East & North Africa,6.15,4.0,3.025,5.175,4.6625000000000005,6.3,9.8,10.0,10.0,10.0,10.0,10.0,10.0,10.0,0.0,5.0,8.3,5.0,0.0,0.0,1.7,2.5,8.6,3.0,4.7,0.0,2.5,0.0,0.0,10.0,2.5,10.0,10.0,3.0,3.3,7.5,7.5,7.5,7.0,7.0,0.0,0.0,0.0,0.0,0.0,5.24,0.0,9.6,6.0,10.0,10.0,10.0,2.8,5.7,6.7,6.7,7.1,6.7,8.3,4.9,9.7,8.1,9.0,0.6,6.1,8.9,5.2,9.9,10.0,8.5,9.3,9.0,6.4,8.3,6.6,7.5,7.0,10.0,5.8,4.6,4.1,4.9,7.5,5.0,10.0,9.0,8.0,10.0,6.4,7.5,4.0,4.8,5.0,6.3,5.7,5.6,9.7,8.2,10.0,9.5,8.1,7.5,7.07
77,Romania,571749.0,13862.0,29720.265,720.565,1.1736226415094348,57.29934931506856,43.0,17.85,11.69,5.7,370.946,9.74,22.899999999999896,37.10000000000021,6.892000000000039,76.05,0.8110000000000052,25.91,0.0,25.91,-1,263133000000.0,186690976699,13677.9929,19237.691,238391,80.6981,0.9934,471.5,Romania,Eastern Europe,8.11,1.0,6.8,6.5,5.7,6.3,9.4,10.0,10.0,10.0,10.0,10.0,10.0,10.0,10.0,10.0,9.8,10.0,10.0,10.0,10.0,10.0,7.9,5.7,7.9,10.0,10.0,10.0,10.0,10.0,10.0,10.0,10.0,7.0,6.0,10.0,10.0,10.0,9.0,7.0,10.0,10.0,10.0,7.5,8.2,8.54,6.0,6.9,8.0,10.0,4.0,7.0,7.0,7.0,5.1,3.5,6.0,8.3,5.0,5.0,9.3,6.0,6.8,1.0,6.1,8.2,9.6,9.7,10.0,9.4,9.0,9.0,6.7,8.2,6.0,10.0,8.0,10.0,6.3,8.5,7.7,7.5,8.4,8.0,8.6,10.0,8.9,3.9,5.6,7.1,8.0,10.0,10.0,7.4,2.9,6.7,8.9,3.5,6.7,8.2,6.1,7.5,7.68
78,Russia,2708940.0,47994.0,18562.716,328.874,1.2116030534351132,55.646100628930576,39.60000000000022,14.178,9.393,0.1,431.297,6.18,23.39999999999987,58.29999999999965,8.050000000000011,72.58,0.8160000000000015,47.2,53.375380799999995,48.92,0,1667460000000.0,1246015056927,11426.088,145934.462,17098242,8.5351,1.0004,640.25,Russia,Eastern Europe,6.34,3.0,2.9,5.3,3.3,4.0,6.3,0.0,9.9,5.0,9.9,9.8,6.9,10.0,10.0,10.0,7.7,0.0,5.0,10.0,5.0,5.0,6.0,2.8,4.6,5.0,5.0,2.5,5.0,7.5,5.0,9.5,9.7,1.7,1.5,5.0,7.5,7.5,6.1,7.0,10.0,10.0,10.0,10.0,9.0,5.9,4.3,5.8,10.0,10.0,5.0,7.5,4.1,6.3,4.0,3.9,4.4,6.7,5.0,6.9,9.7,4.9,5.9,0.7,4.8,8.6,9.3,9.3,10.0,9.3,6.0,8.7,6.8,7.1,4.8,7.2,6.0,10.0,4.2,4.6,3.8,4.2,6.8,5.0,9.7,10.0,8.2,4.5,5.1,6.1,6.0,8.5,3.0,5.5,3.9,2.9,9.7,4.0,7.8,8.1,6.1,6.6,6.78
79,Seychelles,202.0,0.0,2054.098,0.0,0.19612244897959186,40.610371747211715,36.20000000000002,8.606,5.586,1.1,242.648,10.55,7.099999999999965,35.700000000000024,3.600000000000016,73.4,0.7969999999999976,28.66,0.0,28.66,6,1739000000.0,1433826317,17682.2882,98.347,452,217.5819,1.0062,660.0,Seychelles,Sub-Saharan Africa,7.16,2.0,3.233333333333334,4.872222222222224,4.0444444444444425,5.3,4.9,10.0,10.0,5.5625,10.0,10.0,10.0,10.0,10.0,10.0,8.3,10.0,0.0,2.5,4.2,7.5,9.9,6.4,8.1,6.583333333333333,5.416666666666667,6.083333333333333,6.25,7.25,6.3166666666666655,10.0,10.0,4.7,6.0,8.392857142857142,7.5,7.5,7.7,6.230769230769229,10.0,10.0,10.0,10.0,10.0,7.16,1.7,8.6,8.0,10.0,10.0,10.0,3.1,6.3,5.3,4.8,5.8,8.1,4.835483870967744,4.1,7.1,5.9,5.6,1.0,5.8,8.3,8.6,9.4,10.0,9.1,9.3,8.0,0.0,5.8,6.0,5.3,5.7,9.6,6.0,8.5,10.0,8.1,7.3,5.0,9.6,9.0,7.9,8.9,4.6,5.3,8.0,7.5,10.0,7.4,5.0,6.0,8.8,3.5,8.7,9.0,6.8,7.4,7.16
80,Singapore,58353.0,29.0,9974.287,4.957,1.0027240143369172,52.34106250000006,42.39999999999976,12.922,7.049,0.0,92.243,10.99,5.2000000000000295,28.300000000000026,2.3999999999999857,83.62,0.9319999999999984,55.23,0.0,55.23,-7,391875000000.0,296946278392,66983.2635,5850.342,710,8239.9183,1.0079,2108.5,Singapore,South Asia,8.11,1.0,6.9,8.1,8.0,7.7,9.9,10.0,10.0,10.0,10.0,10.0,10.0,10.0,7.5,8.8,9.6,10.0,5.0,10.0,8.3,5.0,8.6,4.8,6.1,5.0,2.5,2.5,2.5,5.0,3.5,10.0,10.0,2.0,4.5,7.5,7.5,5.0,6.6,7.0,0.0,10.0,5.0,10.0,7.3,7.5,4.9,9.2,8.0,10.0,10.0,10.0,3.9,7.2,7.8,7.3,8.9,8.3,8.3,7.7,9.0,9.2,8.4,1.0,8.2,10.0,9.5,9.9,10.0,9.9,10.0,10.0,10.0,10.0,8.2,9.2,8.7,10.0,8.5,6.9,10.0,8.5,9.3,10.0,10.0,10.0,10.0,10.0,7.6,8.4,10.0,10.0,0.0,7.7,7.6,10.0,9.9,8.8,10.0,9.3,9.3,9.0,8.71
81,Slovak Rep.,139088.0,1309.0,25475.658,239.759,1.163026819923373,53.50568904593634,41.20000000000014,15.07,9.167,0.7,287.959,7.29,23.1000000000001,37.700000000000074,5.819999999999988,77.54,0.8549999999999959,22.67,0.0,22.67,2,117399000000.0,89768598023,21503.0583,5459.642,49037,111.3372,1.0005,1261.625,Slovak Rep.,Eastern Europe,8.02,1.0,5.674999999999999,5.76875,5.00625,6.1,9.4,10.0,10.0,7.5,10.0,10.0,9.5,10.0,10.0,10.0,9.6,10.0,10.0,10.0,10.0,7.5,8.6,7.1,7.7,10.0,10.0,10.0,10.0,10.0,10.0,10.0,10.0,7.3,7.8,10.0,10.0,10.0,9.3,7.0,10.0,10.0,10.0,10.0,9.0,8.54,4.1,5.0,10.0,9.0,2.0,5.5,7.9,6.5,3.0,2.1,5.4,10.0,6.7,3.8,9.7,4.2,6.3,1.0,5.7,8.4,9.7,9.7,10.0,9.5,9.0,9.0,6.7,8.2,6.0,10.0,8.0,10.0,7.9,5.4,7.7,7.0,8.3,10.0,9.7,10.0,9.9,5.6,3.6,6.6,8.0,7.8,10.0,6.9,2.4,7.6,9.1,3.0,6.0,7.8,6.0,7.6,7.51
82,Slovenia,100401.0,2190.0,48294.50900000001,1053.4260000000004,1.1542105263157905,56.4518705035972,44.5,19.062,12.93,0.0,153.493,7.25,20.10000000000006,25.0,4.5,81.32,0.8959999999999938,22.64,0.0,22.64,2,58213000000.0,44708598649,28001.3161,2078.938,20273,102.5471,1.0001,1972.375,Slovenia,Eastern Europe,7.97,1.0,7.7,5.9,5.8,6.5,9.6,10.0,10.0,7.5,10.0,10.0,9.5,10.0,10.0,10.0,9.7,10.0,10.0,10.0,10.0,10.0,9.2,7.8,9.0,10.0,10.0,10.0,10.0,10.0,10.0,10.0,10.0,8.0,8.0,10.0,10.0,10.0,9.4,7.0,10.0,10.0,10.0,10.0,9.0,8.78,4.2,5.1,8.0,4.0,0.0,2.0,6.9,5.3,4.4,3.1,5.7,9.2,7.5,4.2,8.3,7.2,7.7,1.0,6.2,8.1,9.8,9.7,10.0,9.4,9.0,9.0,6.7,8.2,6.2,10.0,8.1,10.0,5.0,3.1,7.7,5.3,7.9,5.0,10.0,10.0,8.3,2.2,2.6,5.8,8.0,8.1,10.0,6.1,2.7,7.6,9.6,4.8,6.9,7.4,6.5,7.0,7.15
83,South Africa,883687.0,23827.0,14899.79,401.746,1.1606130268199233,60.37006557377033,27.30000000000009,5.3439999999999985,3.053,18.9,200.38,5.52,8.099999999999952,33.20000000000005,2.320000000000011,64.13,0.6990000000000044,22.41,16.0943791,22.41,0,386727000000.0,295440009818,6520.579,59308.69,1221037,48.5724,1.0128,518.875,South Africa,Sub-Saharan Africa,7.08,2.0,5.9,6.1,5.2,5.7,0.0,10.0,10.0,5.0,9.9,10.0,9.0,10.0,7.5,8.8,5.9,10.0,10.0,10.0,10.0,10.0,8.3,9.8,9.4,10.0,10.0,10.0,10.0,10.0,10.0,10.0,10.0,7.3,5.0,10.0,10.0,10.0,8.9,7.0,10.0,10.0,10.0,7.5,8.2,7.55,4.1,8.1,4.0,5.0,4.0,4.5,8.1,5.8,6.1,5.1,5.4,8.3,3.3,3.9,7.0,3.7,2.6,1.0,5.0,9.0,9.7,9.0,5.0,8.2,8.8,8.5,4.8,7.4,5.5,4.7,5.1,10.0,6.0,0.8,8.3,5.0,6.9,10.0,7.5,10.0,9.2,5.6,3.5,4.3,8.0,8.3,10.0,6.6,3.7,3.6,8.7,2.8,8.4,7.6,5.8,7.2,6.61
84,Spain,1773290.0,48596.0,37927.457,1039.38,1.235054151624548,60.67665615141948,45.5,19.436,13.799,1.0,99.403,7.17,27.39999999999984,31.39999999999981,2.9700000000000197,83.56,0.8909999999999989,18.48,36.8887945,22.16,0,1497080000000.0,1237255019654,32019.8291,46754.778,505992,92.4022,1.0004,2601.0,Spain,Western Europe,8.12,1.0,8.1,6.6,6.4,7.0,9.7,10.0,10.0,10.0,9.8,9.5,9.9,10.0,7.5,8.8,9.4,10.0,10.0,10.0,10.0,10.0,7.7,6.3,8.0,10.0,7.5,10.0,10.0,10.0,9.5,10.0,10.0,8.0,6.5,10.0,10.0,10.0,9.2,7.0,10.0,10.0,10.0,10.0,9.0,8.69,4.6,4.8,10.0,4.0,4.0,4.0,7.0,6.1,5.2,3.8,5.9,8.3,8.3,5.6,7.7,8.6,7.2,1.0,6.8,8.2,9.8,9.6,10.0,9.4,9.0,9.0,6.7,8.2,6.3,10.0,8.1,10.0,6.8,3.1,7.7,5.9,8.1,10.0,8.0,10.0,9.3,3.9,3.5,6.4,8.0,5.1,10.0,6.1,2.9,7.6,9.5,4.7,8.5,8.3,6.9,7.5,7.55
85,Sri Lanka,34737.0,160.0,1622.22,7.472,1.0505490196078429,49.20055900621131,34.1000000000002,10.069,5.331,0.7,197.093,10.68,0.2999999999999983,27.0,3.6000000000000028,76.98,0.7700000000000043,41.94,6.93147181,41.94,-1,89942000000.0,81321970966,4200.2967,21413.249,65610,326.3717,1.0042,135.375,Sri Lanka,South Asia,6.41,3.0,3.7,4.5,4.8,4.5,9.1,5.0,10.0,5.0,10.0,10.0,8.0,10.0,0.0,5.0,7.4,10.0,10.0,10.0,10.0,7.5,7.4,5.7,6.9,5.0,5.0,5.0,5.0,7.5,5.5,10.0,10.0,4.3,3.8,7.5,7.5,7.5,7.2,7.0,0.0,0.0,0.0,2.5,3.2,6.25,8.2,9.3,7.0,9.0,8.0,8.5,5.1,7.6,4.8,3.7,5.0,5.0,5.8,3.6,7.6,5.0,5.9,0.9,4.9,8.0,8.8,8.5,5.0,7.6,6.4,8.1,4.3,6.3,5.2,5.3375,5.2,10.0,5.4,0.0,0.0,1.8,5.8,5.0,7.7,10.0,7.6,10.0,4.1,6.7,8.0,0.0,10.0,6.5,3.4,5.6,9.6,3.5,9.5,8.6,6.7,6.9,6.57
86,Suriname,5401.0,117.0,9206.763,199.443,0.9557458563535912,74.04207272727278,29.600000000000147,6.933,4.229,23.4,258.314,12.54,7.400000000000037,42.89999999999978,3.1000000000000147,71.68,0.7199999999999991,17.5,0.0,17.5,0,3919000000.0,3278445033,6680.5084,586.632,163820,3.581,1.009,423.5,Suriname,Latin America & the Caribbean,7.48,2.0,4.6,5.0,5.2,4.9,7.8,10.0,10.0,7.3809523809523805,10.0,10.0,10.0,10.0,8.75,10.0,9.3,10.0,10.0,8.636363636363637,10.0,8.421052631578947,9.7,9.3,9.5,8.68421052631579,8.947368421052632,6.973684210526316,6.710526315789474,8.552631578947368,7.973684210526316,10.0,10.0,7.3,6.8,9.605263157894736,9.210526315789474,9.605263157894736,8.5,4.421052631578947,10.0,10.0,10.0,8.068181818181818,10.0,8.3,3.9,8.6,10.0,5.0,5.0,5.0,4.4,6.4,4.2,5.3,5.6,5.0,5.0,2.7,4.6,3.2,7.1,1.0,4.7,8.8,4.5,5.6,10.0,7.2,8.4,7.9,6.1,7.5,6.7,6.8,6.8,10.0,6.6,0.0,7.3,4.6,7.2,8.0,9.0,9.0,8.7,8.9,3.6954545454545453,6.186363636363637,10.0,7.0,10.0,9.0,2.854545454545454,1.3,6.9,4.5,7.3,7.8,5.6,7.7,6.65
87,Sweden,348585.0,7802.0,34515.861000000004,772.5310000000002,1.2430402930402935,51.470503144653996,41.0,19.985,13.433,0.5,133.982,4.79,18.80000000000011,18.899999999999928,2.220000000000017,82.8,0.9329999999999974,9.25,0.0,9.25,-1,576720000000.0,514475856961,57105.1458,10099.265,450295,22.4281,1.0063,5960.5,Sweden,Western Europe,8.5,1.0,9.5,8.1,8.0,8.5,9.6,10.0,10.0,10.0,9.8,9.4,9.8,10.0,10.0,10.0,9.8,10.0,10.0,10.0,10.0,10.0,8.4,8.3,8.9,10.0,10.0,10.0,10.0,10.0,10.0,10.0,10.0,9.3,8.8,10.0,10.0,10.0,9.7,10.0,10.0,10.0,10.0,10.0,10.0,9.45,0.8,4.8,8.0,2.0,0.0,1.0,8.1,4.5,8.2,6.7,8.1,9.2,10.0,5.0,8.5,7.2,7.0,1.0,7.7,7.7,9.8,9.6,10.0,9.3,9.0,9.0,6.7,8.2,6.8,9.9,8.4,10.0,7.6,3.1,7.7,6.1,8.2,10.0,10.0,8.0,9.3,6.7,4.4,4.5,6.0,10.0,10.0,6.9,5.3,6.7,9.7,7.8,9.0,8.6,7.9,8.0,7.56
88,Switzerland,394453.0,6379.0,45577.17,737.063,1.2169708029197082,43.976781249999945,43.100000000000236,18.436,12.644,0.0,99.739,5.59,22.60000000000013,28.899999999999817,4.529999999999977,83.78,0.9439999999999988,10.62,0.0,10.62,-2,740702000000.0,668851296244,85584.5582,8654.622,41284,209.6362,1.0074,9523.25,Switzerland,Western Europe,8.82,1.0,8.553846153846152,7.63076923076923,7.43846153846154,8.3,9.8,10.0,10.0,10.0,10.0,10.0,10.0,10.0,10.0,10.0,9.9,10.0,10.0,10.0,10.0,10.0,7.7,6.9,8.2,10.0,10.0,10.0,10.0,10.0,10.0,10.0,10.0,8.7,9.0,10.0,10.0,10.0,9.7,7.0,10.0,10.0,10.0,10.0,9.0,9.24,6.4,6.0,10.0,8.0,6.0,7.0,8.6,7.6,9.1,7.7,9.2,10.0,8.3,4.5,9.6,9.2,7.9,1.0,8.4,9.9,9.9,9.9,10.0,9.9,9.9,8.7,0.0,6.2,6.2,9.9,8.1,10.0,7.8,3.1,7.7,6.2,7.6,8.0,10.0,10.0,9.3,10.0,7.8,8.4,6.0,10.0,5.0,7.9,6.2,8.0,9.6,8.0,8.4,9.3,8.3,8.5,8.4
89,Tanzania,509.0,21.0,8.521,0.35200000000000004,0.046753246753246734,27.537216117216147,17.699999999999907,3.108,1.874,49.1,217.288,5.75,3.2999999999999847,26.699999999999882,0.6999999999999975,65.46,0.5379999999999995,40.25,13.8629436,40.25,-6,64888000000.0,0,1086.2786,59734.218,945087,63.205,1.0298,36.875,Tanzania,Sub-Saharan Africa,6.26,3.0,3.3,5.0,3.9,4.2,7.5,5.0,10.0,7.5,10.0,10.0,8.5,9.0,0.0,4.5,6.8,10.0,5.0,10.0,8.3,5.0,8.3,6.0,6.4,7.5,5.0,2.5,5.0,5.0,5.0,10.0,10.0,3.0,4.5,10.0,10.0,5.0,7.5,0.0,0.0,10.0,5.0,2.5,2.5,5.75,6.5,10.0,7.0,8.0,4.0,6.0,3.8,6.7,4.6,4.7,5.2,6.7,8.3,5.7,7.0,5.6,5.1,0.9,5.7,9.9,9.2,8.9,5.0,8.3,7.3,7.4,5.1,6.6,4.9,0.8,2.8,10.0,5.0,1.5,10.0,5.5,6.2,8.0,8.3,10.0,8.8,5.6,4.4,5.9,10.0,8.3,5.0,6.5,4.4,2.0,8.5,3.9,7.9,7.7,5.7,7.0,6.77
90,Thailand,4281.0,60.0,61.332,0.86,0.9981439393939396,45.678584070796425,40.10000000000024,11.373,6.89,0.1,109.861,7.04,1.899999999999988,38.79999999999979,2.1000000000000134,77.15,0.7549999999999969,43.49,50.751738200000005,44.94,-4,547431000000.0001,407026319505,7842.8535,69799.978,513120,136.0305,1.0025,211.5,Thailand,South Asia,6.55,3.0,3.1,5.3,4.0,4.3,8.7,5.0,9.8,5.0,9.7,9.2,7.7,10.0,10.0,10.0,8.8,0.0,5.0,10.0,5.0,10.0,7.4,4.4,7.3,2.5,0.0,2.5,7.5,10.0,4.5,10.0,9.7,1.0,1.8,10.0,10.0,7.5,7.1,0.0,10.0,10.0,10.0,7.5,5.8,6.25,4.4,9.2,6.0,8.0,8.0,8.0,6.3,6.8,5.1,4.4,5.3,3.3,4.2,6.3,7.5,4.6,5.2,0.8,4.7,9.8,9.7,9.9,5.0,8.6,9.7,8.1,4.4,7.4,5.7,8.0,6.9,10.0,6.5,1.5,6.1,4.7,7.2,8.0,9.9,10.0,9.3,5.6,5.6,5.7,10.0,1.4,0.0,4.7,4.3,7.3,9.8,4.0,9.0,7.4,7.0,7.0,6.86
91,Togo,3315.0,66.0,400.423,7.972,1.0523744292237471,54.90175627240148,19.39999999999995,2.839,1.525,49.2,280.033,6.15,0.9000000000000037,14.199999999999926,0.6999999999999971,61.04,0.5029999999999984,29.33,0.0,29.33,5,6132000000.0,4449262345,740.6939,8278.724,56785,145.7907,1.0243,36.5,Togo,Sub-Saharan Africa,6.31,3.0,3.233333333333334,4.872222222222224,4.044444444444443,4.0,6.4,10.0,10.0,7.5,10.0,10.0,9.5,9.5,7.5,8.5,8.1,5.0,10.0,2.5,5.8,10.0,9.6,7.0,8.9,7.5,5.0,10.0,7.5,10.0,8.0,10.0,10.0,4.0,5.3,10.0,10.0,10.0,8.5,6.230769230769229,0.0,10.0,5.0,0.0,2.5,6.41,7.3,9.9,2.0,7.0,4.9,7.0,6.3,6.5,4.07948717948718,4.3,8.0,4.2,5.0,3.9,6.5,5.02222222222222,5.105555555555556,1.0,5.2,8.9,9.2,9.8,0.0,7.0,7.6,7.6,7.0,7.4,4.9,3.3,4.1,10.0,5.561111111111111,0.8,1.7,1.2,5.7,10.0,10.0,5.0,8.3,1.7,4.652777777777776,6.230555555555556,8.0,7.0,0.0,4.2,4.102777777777779,3.8,9.4,3.4694444444444446,8.2,8.2,7.4,6.6,6.21
92,Tunisia,114547.0,3997.0,9692.081,338.195,1.1216078431372545,52.43191637630656,32.69999999999998,8.001,5.075,2.0,318.991,8.52,1.1000000000000012,65.79999999999964,2.2999999999999963,76.7,0.7350000000000051,29.45,0.0,29.45,0,35150000000.0,41703561397,2974.1207,11818.619,163610,72.2365,1.0106,268.25,Tunisia,Middle East & North Africa,6.08,4.0,3.2,4.9,4.3,4.8,8.8,10.0,10.0,5.0,9.9,9.9,9.0,10.0,0.0,5.0,7.6,0.0,5.0,10.0,5.0,7.5,8.0,3.8,6.5,7.5,7.5,7.5,7.5,10.0,8.0,10.0,10.0,4.0,5.5,10.0,7.5,10.0,8.1,7.0,0.0,0.0,0.0,2.5,1.3,5.97,5.2,6.4,7.0,7.0,2.0,4.5,5.1,5.6,4.8,4.2,5.9,6.7,8.3,4.9,7.3,5.7,5.3,0.8,5.3,9.0,9.6,8.9,0.0,6.9,8.8,7.7,5.3,7.3,4.7,7.3,6.0,8.6,5.4,0.8,9.4,5.2,6.8,5.0,6.7,10.0,7.2,6.1,2.9,4.6,10.0,5.5,3.0,5.4,3.4,5.3,9.7,4.0,9.4,8.4,6.7,6.4,6.2
93,Turkey,1928165.0,17121.0,22862.062,203.002,1.2230384615384615,63.95165467625904,31.60000000000016,8.152999999999999,5.061,0.2,171.285,12.13,14.099999999999936,41.10000000000021,2.8099999999999823,77.69,0.7909999999999974,45.46,68.29793740000001,50.02,3,809555000000.0,863711710542,9598.8138,84339.067,783562,107.6355,1.0109,505.5,Turkey,Middle East & North Africa,6.21,3.0,3.6,4.4,4.0,4.0,8.3,5.0,4.6,2.5,9.1,9.2,6.1,10.0,7.5,8.8,7.7,10.0,0.0,10.0,6.7,2.5,7.0,3.9,4.5,7.5,5.0,5.0,2.5,2.5,4.5,9.6,0.8,1.0,1.8,5.0,7.5,5.0,4.4,7.0,10.0,10.0,10.0,7.5,8.2,5.74,6.0,6.5,7.0,7.0,7.0,7.0,6.5,6.6,3.3,3.2,5.3,3.3,5.0,4.4,8.6,5.4,5.8,0.9,4.6,8.3,9.3,7.8,10.0,8.8,9.5,7.8,0.6,6.0,5.9,9.4,7.6,10.0,5.8,2.3,8.4,5.5,7.3,5.0,8.9,5.0,6.3,5.6,4.1,7.1,8.0,2.5,1.0,4.7,4.0,7.1,9.7,4.3,9.2,8.1,7.1,6.0,6.67
94,Uganda,28733.0,225.0,628.1669999999998,4.919,1.1449528301886789,76.40914179104483,16.400000000000027,2.168,1.308,41.6,213.333,2.5,3.3999999999999853,16.699999999999914,0.5,63.37,0.5160000000000011,40.95,21.9722458,40.95,0,33620000000.0,25307842467,735.0079,45741.007,241550,189.3645,1.0332,48.75,Uganda,Sub-Saharan Africa,6.61,3.0,1.9,4.5,3.4,3.4,5.6,10.0,8.2,7.5,9.9,10.0,9.1,9.9,5.0,7.5,7.4,10.0,10.0,2.5,7.5,10.0,7.6,7.6,8.4,7.5,5.0,2.5,10.0,10.0,7.0,10.0,8.1,4.0,3.8,10.0,10.0,7.5,7.6,0.0,0.0,0.0,0.0,2.5,0.8,5.82,8.9,10.0,8.0,5.0,3.0,4.0,6.5,7.5,3.9,4.1,5.1,3.3,5.8,4.9,8.2,4.5,4.1,0.9,4.7,9.1,9.4,9.0,10.0,9.4,7.7,7.5,5.2,6.8,6.0,4.6,5.3,10.0,6.8,8.5,10.0,8.4,7.6,8.0,8.5,9.0,8.5,10.0,5.5,8.4,8.0,10.0,10.0,8.7,4.3,4.2,8.9,3.0,9.0,7.8,6.2,7.8,7.39
95,Ukraine,945218.0,16314.0,21613.006,373.03,1.1904330708661421,64.60940074906371,41.39999999999978,16.462,11.133,0.1,539.849,7.11,13.5,47.39999999999977,8.80000000000001,72.06,0.751000000000003,29.13,46.0517019,32.52,6,147170000000.0,93270354852,3365.1347,43733.762,603500,72.4669,0.9941,209.875,Ukraine,Eastern Europe,6.26,3.0,4.2,5.1,3.7,4.5,7.5,5.0,7.0,0.0,9.7,9.7,6.3,10.0,10.0,10.0,7.9,0.0,10.0,10.0,6.7,2.5,7.5,7.6,5.9,7.5,7.5,5.0,2.5,5.0,5.5,10.0,9.8,5.7,3.8,7.5,7.5,7.5,7.4,7.0,10.0,10.0,10.0,10.0,9.0,6.56,4.9,5.5,10.0,10.0,7.0,8.5,7.0,7.2,2.6,2.9,3.8,8.3,6.7,4.8,9.1,4.5,5.2,0.7,4.4,7.8,5.0,7.1,0.0,5.0,9.5,9.1,7.9,8.8,4.9,6.5,5.7,9.4,3.8,0.0,5.9,3.2,6.8,5.0,9.4,9.0,7.8,5.6,5.2,4.7,6.0,9.3,0.0,5.1,3.9,6.0,9.8,2.9,9.5,6.3,6.4,6.4,5.96
96,United Kingdom,1918736.0,65618.0,28264.088,966.591,1.1920216606498204,61.504672897196386,40.79999999999981,18.517,12.527,0.2,122.137,4.28,20.0,24.699999999999875,2.5399999999999916,81.32,0.9220000000000012,17.41,44.9980967,22.93,-2,2927080000000.0,2647898654635,43117.5725,67886.011,242900,279.4813,1.0053,3905.375,United Kingdom,Western Europe,8.47,1.0,8.2,7.5,7.4,7.7,9.5,10.0,10.0,10.0,9.8,9.1,9.8,10.0,7.5,8.8,9.3,10.0,10.0,10.0,10.0,10.0,7.6,5.2,7.6,10.0,10.0,10.0,10.0,10.0,10.0,10.0,10.0,7.0,7.8,10.0,10.0,10.0,9.3,7.0,10.0,10.0,10.0,10.0,9.0,8.85,5.3,5.5,8.0,6.0,2.0,4.0,8.2,6.2,8.6,7.0,8.7,10.0,8.3,4.4,8.0,8.3,6.7,1.0,7.8,9.5,9.7,9.5,10.0,9.7,9.0,9.0,6.7,8.2,7.0,9.3,8.1,10.0,8.3,4.6,9.1,7.3,8.4,8.0,8.6,10.0,8.9,8.9,6.9,8.0,8.0,8.5,10.0,8.4,5.0,6.4,9.9,7.2,9.5,8.8,7.8,8.4,8.09
97,United States,16973376.0,307429.0,51278.671,928.781,1.2745090909090917,58.912232415901826,38.29999999999983,15.413,9.732,1.2,151.089,10.79,19.100000000000087,24.600000000000147,2.7699999999999885,78.86,0.9240000000000006,23.85,19.459101500000003,23.85,3,22198120000000.0,18624475000000,67063.2695,331002.651,9372610,35.316,1.0059,9001.125,United States,North America,8.46,1.0,7.6,6.7,6.5,6.9,7.9,10.0,9.9,7.5,9.9,9.4,9.3,10.0,10.0,10.0,9.1,10.0,10.0,10.0,10.0,10.0,7.9,8.7,8.9,10.0,10.0,10.0,10.0,10.0,10.0,10.0,10.0,8.0,7.0,10.0,10.0,10.0,9.3,7.0,10.0,10.0,10.0,10.0,9.0,8.72,6.8,6.0,8.0,5.0,5.0,5.0,10.0,7.2,7.7,7.6,7.9,6.7,8.3,5.2,9.0,8.2,6.3,1.0,7.4,9.7,9.9,9.6,10.0,9.8,9.5,9.3,6.5,8.4,7.0,9.8,8.4,10.0,7.2,3.8,0.6,3.9,7.7,10.0,8.0,10.0,9.3,9.5,7.6,7.9,10.0,10.0,10.0,9.2,6.4,8.2,9.8,6.5,9.6,8.0,8.1,8.9,8.19
98,Uruguay,10893.0,102.0,3135.825,29.363000000000003,1.085444015444016,46.80162454873654,35.600000000000186,14.655,10.361,0.1,160.708,6.93,14.0,19.899999999999952,2.7999999999999896,77.91,0.8040000000000016,15.79,0.0,15.79,0,63421000000.0,52419718459,18257.3199,3473.73,181034,19.1883,1.0035,1365.125,Uruguay,Latin America & the Caribbean,7.74,2.0,6.2,7.4,5.4,6.6,6.7,10.0,10.0,10.0,10.0,10.0,10.0,10.0,10.0,10.0,8.9,10.0,10.0,10.0,10.0,7.5,9.0,8.9,8.5,7.5,10.0,5.0,7.5,7.5,7.5,10.0,10.0,8.0,7.5,10.0,10.0,10.0,9.4,10.0,10.0,10.0,10.0,10.0,10.0,8.42,6.6,5.9,7.0,7.0,6.0,6.5,5.6,6.3,7.5,4.4,6.5,5.8,4.2,3.6,6.5,5.3,4.4,1.0,5.2,8.2,9.2,8.8,10.0,9.0,8.4,7.9,6.9,7.7,5.7,6.2,6.0,10.0,7.0,8.5,7.7,7.7,7.9,5.0,8.1,9.0,7.4,8.9,2.9,2.4,8.0,4.6,10.0,6.1,3.0,7.6,9.6,6.3,6.8,8.2,6.9,6.8,7.05
99,Vietnam,1405.0,35.0,14.434,0.36,0.7405447470817118,60.846819571865495,32.6000000000002,7.15,4.718,2.0,245.465,6.0,1.0,45.89999999999975,2.6000000000000147,75.4,0.693999999999996,74.71,64.7850964,74.71,1,282372000000.0,205276171343,2900.9258,97338.579,331212,293.886,1.0091,110.0,Vietnam,South Asia,6.29,3.0,5.4,4.4,4.9,4.9,9.4,10.0,10.0,10.0,10.0,10.0,10.0,10.0,7.5,8.8,9.4,0.0,5.0,10.0,5.0,2.5,8.6,6.6,5.9,2.5,2.5,0.0,0.0,2.5,1.5,10.0,9.0,0.0,1.8,7.5,7.5,5.0,5.8,10.0,10.0,10.0,10.0,7.5,9.2,6.31,9.2,9.360000000000001,6.0,7.0,5.0,6.0,5.6,6.7,4.2,4.0,4.9,5.0,6.7,5.7,8.8,5.5,6.1,0.8,5.0,8.3,9.2,9.3,0.0,6.7,9.1,8.1,5.5,7.6,4.8,5.7,5.3,10.0,5.2,0.8,0.8,2.2,6.3,6.166666666666667,7.9,10.0,9.0,7.8,5.1,6.2,10.0,2.5,0.0,5.3,3.7,6.4,9.4,3.7,8.2,4.4,6.0,6.7,6.27
100,Yemen,2085.0,606.0,69.906,20.318,0.950738916256158,38.45476595744668,20.300000000000093,2.922,1.5830000000000002,18.8,495.003,5.35,7.599999999999965,29.199999999999882,0.6999999999999984,66.12,0.451999999999999,57.73,55.17452900000001,58.25,1,31385000000.0,25374086438,1052.2711,29825.964,527968,56.492,1.0228,72.66666666666667,Yemen,Middle East & North Africa,4.3,4.0,3.025,5.175,4.662500000000001,2.4,7.3,0.0,0.0,0.0,1.0,4.9,1.2,8.1,0.0,4.1,4.2,0.0,5.0,0.0,1.7,4.705882352941177,7.349999999999999,3.6500000000000004,5.222222222222223,5.0,4.705882352941177,3.3823529411764706,3.9705882352941178,5.735294117647059,4.5588235294117645,7.6,10.0,1.3,1.0,8.088235294117647,7.5,6.61764705882353,5.0,7.0,0.0,0.0,0.0,0.0,0.0,2.75,10.0,9.0,4.0,10.0,8.0,9.0,3.5,7.1,2.4,2.6,3.1,4.2,3.3,3.8,9.0,2.6,3.2,0.7,3.2,9.9,6.9,5.1,10.0,8.0,8.9,8.5,7.8,8.4,4.0,10.0,7.0,4.8,2.6,6.9,1.0,3.5,5.9,6.0625,0.0,10.0,5.0,6.7,3.1,6.4,8.0,2.5,10.0,6.1,3.1,0.0,7.5,2.1,8.643749999999999,7.2,4.0,5.0,5.84
101,Zambia,18456.0,369.0,1003.919,20.072,0.9123394495412812,47.83608856088585,17.699999999999907,2.48,1.5419999999999998,57.5,234.499,3.94,3.1000000000000143,24.69999999999989,2.0,63.89,0.5879999999999965,37.0,13.8629436,37.0,-1,25272000000.0,21063063977,1374.677,18383.955,752612,24.4269,1.0293,64.625,Zambia,Sub-Saharan Africa,6.49,3.0,2.1,4.9,4.2,4.1,7.9,10.0,10.0,7.5,10.0,10.0,9.5,10.0,5.0,7.5,8.3,0.0,10.0,2.5,4.2,7.5,8.3,6.3,7.3,6.583333333333335,5.416666666666667,6.083333333333334,6.25,7.25,6.3166666666666655,10.0,10.0,3.7,4.0,8.392857142857142,7.5,7.5,6.9,10.0,0.0,0.0,0.0,7.5,5.8,6.13,6.1,10.0,4.0,5.0,4.0,4.5,8.5,6.6,3.7,3.7,5.5,8.3,6.7,3.5,6.0,4.5,5.7,1.0,5.2,7.9,8.6,8.7,10.0,8.8,9.0,7.2,1.3,5.8,5.3,2.4,3.9,10.0,6.9,9.2,10.0,8.7,7.1,5.0,7.6,10.0,7.5,4.4,4.7,7.1,8.0,0.0,10.0,5.7,4.4,4.0,9.4,3.1,7.8,8.2,6.2,6.5,6.84
102,Zimbabwe,11749.0,313.0,790.49,21.059,1.1303664921465972,76.66594795539008,19.600000000000037,2.822,1.882,21.4,307.846,1.82,1.6000000000000068,30.69999999999989,1.6999999999999924,61.49,0.5349999999999975,40.95,26.3905733,40.95,1,25812000000.0,16123763648,1736.6704,14862.924,390757,38.0362,1.0148,90.875,Zimbabwe,Sub-Saharan Africa,5.65,4.0,1.5,4.3,3.8,3.5,7.3,10.0,10.0,5.0,10.0,10.0,9.0,10.0,7.5,8.8,8.4,5.0,5.0,10.0,6.7,2.5,9.3,7.5,6.4,2.5,2.5,2.5,2.5,2.5,2.5,10.0,10.0,2.0,3.8,8.392857142857144,7.5,7.5,6.7,0.0,0.0,10.0,5.0,7.5,4.2,5.61,5.5,9.3,6.0,4.0,4.0,4.0,2.7,5.5,3.3,3.4,2.6,3.3,5.0,2.4,6.8,4.0,5.7,1.0,4.1,9.4,9.5,9.8,5.0,8.4,6.2,6.6,1.6,4.8,4.8,1.3,3.1,3.0,3.5,0.0,8.9,4.1,3.7,8.0,9.3,10.0,9.1,6.7,2.8,3.0,8.0,6.3,10.0,6.1,1.9,2.7,7.8,2.6,7.5,7.3,5.0,6.7,5.69
